daily_warm_greeting,daily,routine,basic,ğŸ”¥,#FF6347,"casual,home",greeting,ë”°ëœ»í•˜ë‹¤,tta-tteut-ha-da,ì˜¨ë„ê°€ ë†’ê±°ë‚˜ ë§ˆìŒì´ í¬ê·¼í•¨,verb,"í¬ê·¼í•˜ë‹¤,í›ˆí›ˆí•˜ë‹¤","ì°¨ê°‘ë‹¤,ì‹œì›í•˜ë‹¤","ë”°ëœ»í•¨,ì˜¨ê¸°","ë”°ëœ»í•œê²ƒ,í¬ê·¼í•œê²ƒ","ë§¤ìš° ë”°ëœ»í•˜ë‹¤,ì •ë§ ë”°ëœ»í•˜ë‹¤",warm,/wÉ”Ërm/,having heat or kindness,verb,"hot,cozy","cold,cool","warmth,heat","warm thing,cozy thing","very warm,really warm",æ¸©æš–,wen nuan,æœ‰çƒ­é‡æˆ–äº²åˆ‡,verb,"æ¸©çƒ­,èˆ’é€‚","å¯’å†·,å‡‰çˆ½","æ¸©æš–,æ¸©åº¦","æ¸©æš–çš„ä¸œè¥¿,èˆ’é€‚çš„ä¸œè¥¿","éå¸¸æ¸©æš–,çœŸçš„æ¸©æš–",æš–ã‹ã„,atatakai,æ¸©åº¦ãŒé«˜ã„ã‹å¿ƒãŒæ¸©ã‹,verb,"æ¸©ã‹ã„,æš–ã‹","å¯’ã„,å†·ãŸã„","æš–ã‹ã•,æ¸©ã‹","æš–ã‹ã„ã‚‚ã®,æ¸©ã‹ãªã‚‚ã®","ã¨ã¦ã‚‚æš–ã‹,æœ¬å½“ã«æš–ã‹",cÃ¡lido,ka-li-do,teniendo calor o bondad,verb,"caliente,acogedor","frÃ­o,fresco","calidez,calor","cosa cÃ¡lida,cosa acogedora","muy cÃ¡lido,realmente cÃ¡lido",ë”°ëœ»í•œ ì¸ì‚¬ì˜ˆìš”,Warm greeting,æ¸©æš–çš„é—®å€™,æš–ã‹ã„æŒ¨æ‹¶ã§ã™ã­,Saludo cÃ¡lido
daily_smile_greeting,daily,routine,basic,ğŸ˜Š,#FFE4B5,"casual,home",greeting,ë¯¸ì†Œ,mi-so,ê¸°ì¨ì„ ë‚˜íƒ€ë‚´ëŠ” ì–¼êµ´ í‘œì •,noun,"ì›ƒìŒ,ì†Œë¦¬","ìš¸ìŒ,ì°¡ê·¸ë¦¼","í‘œì •,ê°ì •","ë¯¸ì†Œì§“ê¸°,ì›ƒìŒì†Œë¦¬","í™˜í•œ ë¯¸ì†Œ,ì˜ˆìœ ë¯¸ì†Œ",smile,/smaÉªl/,happy facial expression,noun,"grin,laugh","frown,cry","expression,emotion","smiling,laughter","bright smile,pretty smile",å¾®ç¬‘,wei xiao,è¡¨ç¤ºå¿«ä¹çš„é¢éƒ¨è¡¨æƒ…,noun,"ç¬‘å®¹,ç¬‘å£°","å“­æ³£,çš±çœ‰","è¡¨æƒ…,æƒ…æ„Ÿ","å¾®ç¬‘,ç¬‘å£°","ç¿çƒ‚çš„å¾®ç¬‘,ç¾ä¸½çš„å¾®ç¬‘",ç¬‘é¡”,egao,å–œã³ã‚’è¡¨ã™é¡”ã®è¡¨æƒ…,noun,"ç¬‘ã„,ç¬‘é¡”","æ³£ãé¡”,ã—ã‹ã‚é¢","è¡¨æƒ…,æ„Ÿæƒ…","ç¬‘é¡”ä½œã‚Š,ç¬‘ã„å£°","æ˜ã‚‹ã„ç¬‘é¡”,ãã‚Œã„ãªç¬‘é¡”",sonrisa,son-ri-sa,expresiÃ³n facial feliz,noun,"risa,carcajada","llanto,ceÃ±o","expresiÃ³n,emociÃ³n","sonreÃ­r,risa","sonrisa brillante,sonrisa bonita",ë¯¸ì†Œë¡œ ì¸ì‚¬í•´ìš”,I greet with a smile,å¾®ç¬‘ç€é—®å€™,ç¬‘é¡”ã§æŒ¨æ‹¶ã—ã¾ã™,Saludo con una sonrisa
daily_gentle_morning,daily,routine,basic,ğŸŒ¸,#FFB6C1,"casual,home",greeting,ë¶€ë“œëŸ½ë‹¤,bu-deu-reop-da,ì„±ì§ˆì´ ì˜¨í™”í•˜ê³  ì¡°ìš©í•¨,verb,"ì˜¨í™”í•˜ë‹¤,ì¡°ìš©í•˜ë‹¤","ê±°ì¹ ë‹¤,ì„¸ë‹¤","ë¶€ë“œëŸ¬ì›€,ì˜¨í™”í•¨","ë¶€ë“œëŸ¬ìš´ê²ƒ,ì˜¨í™”í•œê²ƒ","ë§¤ìš° ë¶€ë“œëŸ½ë‹¤,ì •ë§ ë¶€ë“œëŸ½ë‹¤",gentle,/ËˆdÊ’entÉ™l/,soft and kind,verb,"soft,mild","rough,harsh","gentleness,mildness","gentle thing,mild thing","very gentle,really gentle",æ¸©å’Œ,wen he,æ€§è´¨æ¸©å’Œå®‰é™,verb,"æ¸©å’Œ,å®‰é™","ç²—ç³™,å¼ºçƒˆ","æ¸©å’Œ,æ¸©æŸ”","æ¸©å’Œçš„ä¸œè¥¿,æ¸©æŸ”çš„ä¸œè¥¿","éå¸¸æ¸©å’Œ,çœŸçš„æ¸©å’Œ",å„ªã—ã„,yasashii,æ€§è³ªãŒæ¸©å’Œã§é™ã‹,verb,"æ¸©å’Œ,é™ã‹","è’ã„,å¼·ã„","å„ªã—ã•,æ¸©å’Œã•","å„ªã—ã„ã‚‚ã®,æ¸©å’Œãªã‚‚ã®","ã¨ã¦ã‚‚å„ªã—ã„,æœ¬å½“ã«å„ªã—ã„",suave,swa-be,suave y amable,verb,"suave,tierno","Ã¡spero,duro","suavidad,ternura","cosa suave,cosa tierna","muy suave,realmente suave",ë¶€ë“œëŸ¬ìš´ ì•„ì¹¨ì´ì—ìš”,Gentle morning,æ¸©å’Œçš„æ—©æ™¨,å„ªã—ã„æœã§ã™ã­,MaÃ±ana suave
daily_love_family,daily,routine,basic,â¤ï¸,#FF1493,"casual,home",greeting,ì‚¬ë‘,sa-rang,ê¹Šì€ ì• ì •ê³¼ ì •,noun,"ì• ì •,ì •","ë¯¸ì›€,ì¦ì˜¤","ê°ì •,ë§ˆìŒ","ì‚¬ë‘í•˜ê¸°,ì• ì •í‘œí˜„","ê¹Šì€ ì‚¬ë‘,ì§„ì‹¤í•œ ì‚¬ë‘",love,/lÊŒv/,deep affection,noun,"affection,care","hate,dislike","emotion,feeling","loving,affection showing","deep love,true love",çˆ±,ai,æ·±æ·±çš„æ„Ÿæƒ…å’Œæƒ…,noun,"æ„Ÿæƒ…,æƒ…è°Š","æ¨,æ†æ¶","æƒ…æ„Ÿ,å¿ƒæƒ…","çˆ±,è¡¨è¾¾æ„Ÿæƒ…","æ·±æ·±çš„çˆ±,çœŸå®çš„çˆ±",æ„›,ai,æ·±ã„æ„›æƒ…ã¨æƒ…,noun,"æ„›æƒ…,æƒ…","æ†ã—ã¿,å«Œã„","æ„Ÿæƒ…,æ°—æŒã¡","æ„›ã™ã‚‹ã“ã¨,æ„›æƒ…è¡¨ç¾","æ·±ã„æ„›,çœŸå®Ÿã®æ„›",amor,a-mor,afecto profundo,noun,"afecto,cariÃ±o","odio,desprecio","emociÃ³n,sentimiento","amar,expresiÃ³n de afecto","amor profundo,amor verdadero",ê°€ì¡±ì— ëŒ€í•œ ì‚¬ë‘,Love for family,å¯¹å®¶äººçš„çˆ±,å®¶æ—ã¸ã®æ„›,Amor por la familia
daily_joy_morning,daily,routine,basic,ğŸ˜„,#FFD700,"casual,home",greeting,ê¸°ì¨,gi-ppeum,ì¦ê²ê³  ë§Œì¡±ìŠ¤ëŸ¬ìš´ ê°ì •,noun,"ì¦ê±°ì›€,ë§Œì¡±","ìŠ¬í””,ê³ í†µ","ê°ì •,ë§ˆìŒ","ê¸°ë»í•˜ê¸°,ì¦ê±°ì›Œí•˜ê¸°","í° ê¸°ì¨,ìˆœìˆ˜í•œ ê¸°ì¨",joy,/dÊ’É”Éª/,feeling of happiness,noun,"happiness,delight","sadness,sorrow","emotion,feeling","rejoicing,being happy","great joy,pure joy",å–œæ‚¦,xi yue,å¿«ä¹å’Œæ»¡è¶³çš„æƒ…æ„Ÿ,noun,"å¿«ä¹,æ»¡è¶³","æ‚²ä¼¤,ç—›è‹¦","æƒ…æ„Ÿ,å¿ƒæƒ…","é«˜å…´,å¿«ä¹","å·¨å¤§çš„å–œæ‚¦,çº¯çœŸçš„å–œæ‚¦",å–œã³,yorokobi,æ¥½ã—ãæº€è¶³ãªæ„Ÿæƒ…,noun,"æ¥½ã—ã¿,æº€è¶³","æ‚²ã—ã¿,è‹¦ç—›","æ„Ÿæƒ…,æ°—æŒã¡","å–œã¶ã“ã¨,æ¥½ã—ã‚€ã“ã¨","å¤§ããªå–œã³,ç´”ç²‹ãªå–œã³",alegrÃ­a,a-le-gri-a,sentimiento de felicidad,noun,"felicidad,deleite","tristeza,pena","emociÃ³n,sentimiento","regocijarse,estar feliz","gran alegrÃ­a,alegrÃ­a pura",ê¸°ìœ ì•„ì¹¨ì´ì—ìš”,Joyful morning,å–œæ‚¦çš„æ—©æ™¨,å–œã³ã®æœã§ã™ã­,MaÃ±ana alegre
daily_energy_start,daily,routine,basic,âš¡,#FFD700,"casual,home",greeting,ì—ë„ˆì§€,e-neo-ji,í™œë™í•  ìˆ˜ ìˆëŠ” í˜,noun,"í™œë ¥,ê¸°ìš´","í”¼ë¡œ,ë¬´ê¸°ë ¥","í˜,ì›ë™ë ¥","ì—ë„ˆì§€ì¶©ì „,í™œë ¥ì†Œ","ê°•í•œ ì—ë„ˆì§€,ìƒˆë¡œìš´ ì—ë„ˆì§€",energy,/ËˆenÉ™rdÊ’i/,power to be active,noun,"power,vitality","fatigue,weakness","strength,force","energy charging,vitality source","strong energy,new energy",èƒ½é‡,neng liang,èƒ½å¤Ÿæ´»åŠ¨çš„åŠ›é‡,noun,"æ´»åŠ›,ç²¾åŠ›","ç–²åŠ³,æ— åŠ›","åŠ›é‡,åŠ¨åŠ›","èƒ½é‡å……ç”µ,æ´»åŠ›æº","å¼ºå¤§çš„èƒ½é‡,æ–°çš„èƒ½é‡",ã‚¨ãƒãƒ«ã‚®ãƒ¼,enerugii,æ´»å‹•ã§ãã‚‹åŠ›,noun,"æ´»åŠ›,æ°—åŠ›","ç–²åŠ´,ç„¡æ°—åŠ›","åŠ›,åŸå‹•åŠ›","ã‚¨ãƒãƒ«ã‚®ãƒ¼å……é›»,æ´»åŠ›æº","å¼·ã„ã‚¨ãƒãƒ«ã‚®ãƒ¼,æ–°ã—ã„ã‚¨ãƒãƒ«ã‚®ãƒ¼",energÃ­a,e-ner-hi-a,poder para estar activo,noun,"poder,vitalidad","fatiga,debilidad","fuerza,poder","carga de energÃ­a,fuente de vitalidad","energÃ­a fuerte,energÃ­a nueva",ì—ë„ˆì§€ ë„˜ì¹˜ëŠ” ì•„ì¹¨,Energetic morning,å……æ»¡èƒ½é‡çš„æ—©æ™¨,ã‚¨ãƒãƒ«ã‚®ãƒ¼æº¢ã‚Œã‚‹æœ,MaÃ±ana energÃ©tica
daily_hope_new_day,daily,routine,basic,ğŸŒŸ,#FFD700,"casual,home",greeting,í¬ë§,hui-mang,ì¢‹ì€ ì¼ì´ ìˆì„ ê²ƒì´ë¼ëŠ” ê¸°ëŒ€,noun,"ê¸°ëŒ€,ì†Œë§","ì ˆë§,í¬ê¸°","ë§ˆìŒ,ë°”ëŒ","í¬ë§í•˜ê¸°,ê¸°ëŒ€í•˜ê¸°","í° í¬ë§,ìƒˆë¡œìš´ í¬ë§",hope,/hoÊŠp/,expectation of good things,noun,"expectation,wish","despair,giving up","heart,desire","hoping,expecting","great hope,new hope",å¸Œæœ›,xi wang,æœŸå¾…å¥½äº‹æƒ…çš„å¿ƒæƒ…,noun,"æœŸå¾…,æ„¿æœ›","ç»æœ›,æ”¾å¼ƒ","å¿ƒæƒ…,æ„¿æœ›","å¸Œæœ›,æœŸå¾…","å·¨å¤§çš„å¸Œæœ›,æ–°çš„å¸Œæœ›",å¸Œæœ›,kibou,è‰¯ã„ã“ã¨ãŒã‚ã‚‹ã¨ã„ã†æœŸå¾…,noun,"æœŸå¾…,é¡˜ã„","çµ¶æœ›,è«¦ã‚","å¿ƒ,é¡˜ã„","å¸Œæœ›ã™ã‚‹ã“ã¨,æœŸå¾…ã™ã‚‹ã“ã¨","å¤§ããªå¸Œæœ›,æ–°ã—ã„å¸Œæœ›",esperanza,es-pe-ran-sa,expectativa de cosas buenas,noun,"expectativa,deseo","desesperaciÃ³n,rendiciÃ³n","corazÃ³n,deseo","esperar,expectativa","gran esperanza,nueva esperanza",ìƒˆë¡œìš´ í¬ë§ì˜ ì•„ì¹¨,Morning of new hope,æ–°å¸Œæœ›çš„æ—©æ™¨,æ–°ã—ã„å¸Œæœ›ã®æœ,MaÃ±ana de nueva esperanza
daily_fresh_start,daily,routine,basic,ğŸŒ±,#98FB98,"casual,home",greeting,ìƒˆë¡­ë‹¤,sae-rop-da,ì „ì— ì—†ë˜ ê²ƒ,verb,"ì‹ ì„ í•˜ë‹¤,ìƒˆê²ƒì´ë‹¤","ì˜¤ë˜ë˜ë‹¤,ë‚¡ë‹¤","ìƒˆë¡œì›€,ì‹ ì„ í•¨","ìƒˆë¡œìš´ê²ƒ,ì‹ ì„ í•œê²ƒ","ë§¤ìš° ìƒˆë¡­ë‹¤,ì •ë§ ìƒˆë¡­ë‹¤",new,/nuË/,not existing before,verb,"fresh,recent","old,ancient","newness,freshness","new thing,fresh thing","very new,really new",æ–°çš„,xin de,ä»¥å‰æ²¡æœ‰çš„,verb,"æ–°é²œ,æœ€è¿‘","æ—§çš„,å¤è€","æ–°é¢–,æ–°é²œ","æ–°çš„ä¸œè¥¿,æ–°é²œçš„ä¸œè¥¿","éå¸¸æ–°,çœŸçš„æ–°",æ–°ã—ã„,atarashii,å‰ã«ãªã‹ã£ãŸã‚‚ã®,verb,"æ–°é®®,æœ€è¿‘","å¤ã„,å¤å…¸","æ–°ã—ã•,æ–°é®®ã•","æ–°ã—ã„ã‚‚ã®,æ–°é®®ãªã‚‚ã®","ã¨ã¦ã‚‚æ–°ã—ã„,æœ¬å½“ã«æ–°ã—ã„",nuevo,nwe-bo,no existÃ­a antes,verb,"fresco,reciente","viejo,antiguo","novedad,frescura","cosa nueva,cosa fresca","muy nuevo,realmente nuevo",ìƒˆë¡œìš´ ì‹œì‘ì´ì—ìš”,New start,æ–°çš„å¼€å§‹,æ–°ã—ã„ã‚¹ã‚¿ãƒ¼ãƒˆã§ã™,Nuevo comienzo
daily_blessing_morning,daily,routine,basic,ğŸ™,#DDA0DD,"casual,home",greeting,ì¶•ë³µ,chuk-bok,ì¢‹ì€ ì¼ì´ ì¼ì–´ë‚˜ê¸°ë¥¼ ë°”ë¼ëŠ” ë§ˆìŒ,noun,"ì€í˜œ,ë³µ","ì €ì£¼,ì¬ì•™","ë³µ,ì€ì´","ì¶•ë³µí•˜ê¸°,ë³µë°›ê¸°","í° ì¶•ë³µ,íŠ¹ë³„í•œ ì¶•ë³µ",blessing,/ËˆblesÉªÅ‹/,wishing good things to happen,noun,"grace,fortune","curse,disaster","fortune,grace","blessing,being blessed","great blessing,special blessing",ç¥ç¦,zhu fu,å¸Œæœ›å¥½äº‹å‘ç”Ÿçš„å¿ƒæƒ…,noun,"æ©å…¸,ç¦æ°”","è¯…å’’,ç¾éš¾","ç¦æ°”,æ©å…¸","ç¥ç¦,å—ç¥ç¦","å·¨å¤§çš„ç¥ç¦,ç‰¹åˆ«çš„ç¥ç¦",ç¥ç¦,shukufuku,è‰¯ã„ã“ã¨ãŒèµ·ã“ã‚‹ã“ã¨ã‚’é¡˜ã†å¿ƒ,noun,"æ©æµ,ç¦","å‘ªã„,ç½ã„","ç¦,æ©æµ","ç¥ç¦ã™ã‚‹ã“ã¨,ç¥ç¦ã•ã‚Œã‚‹ã“ã¨","å¤§ããªç¥ç¦,ç‰¹åˆ¥ãªç¥ç¦",bendiciÃ³n,ben-di-sjon,deseando que sucedan cosas buenas,noun,"gracia,fortuna","maldiciÃ³n,desastre","fortuna,gracia","bendecir,ser bendecido","gran bendiciÃ³n,bendiciÃ³n especial",ì¶•ë³µë°›ì€ ì•„ì¹¨ì´ì—ìš”,Blessed morning,å—ç¥ç¦çš„æ—©æ™¨,ç¥ç¦ã•ã‚ŒãŸæœã§ã™ã­,MaÃ±ana bendecida
daily_sunshine_greeting,daily,routine,basic,â˜€ï¸,#FFD700,"casual,home",greeting,í–‡ë¹›,haet-bit,íƒœì–‘ì—ì„œ ë‚˜ì˜¤ëŠ” ë¹›,noun,"í–‡ì‚´,ì¼ê´‘","ê·¸ëŠ˜,ì–´ë‘ ","ë¹›,ê´‘ì„ ","í–‡ë¹›ë°›ê¸°,ì¼ê´‘ìš•","ë”°ëœ»í•œ í–‡ë¹›,ë°ì€ í–‡ë¹›",sunshine,/ËˆsÊŒnÊƒaÉªn/,light from the sun,noun,"sunlight,daylight","shade,darkness","light,ray","sunbathing,sun exposure","warm sunshine,bright sunshine",é˜³å…‰,yang guang,ä»å¤ªé˜³å‘å‡ºçš„å…‰,noun,"æ—¥å…‰,é˜³å…‰","é˜´å½±,é»‘æš—","å…‰,å…‰çº¿","æ™’å¤ªé˜³,æ—¥å…‰æµ´","æ¸©æš–çš„é˜³å…‰,æ˜äº®çš„é˜³å…‰",æ—¥å…‰,nikkou,å¤ªé™½ã‹ã‚‰å‡ºã‚‹å…‰,noun,"æ—¥å·®ã—,å¤ªé™½å…‰","å½±,æš—é—‡","å…‰,å…‰ç·š","æ—¥å…‰æµ´,æ—¥ã«å½“ãŸã‚‹ã“ã¨","æš–ã‹ã„æ—¥å…‰,æ˜ã‚‹ã„æ—¥å…‰",luz solar,lus so-lar,luz del sol,noun,"luz del sol,luz del dÃ­a","sombra,oscuridad","luz,rayo","tomar el sol,exposiciÃ³n al sol","luz solar cÃ¡lida,luz solar brillante",í–‡ë¹› ì¢‹ì€ ì•„ì¹¨,Sunny morning,é˜³å…‰æ˜åªšçš„æ—©æ™¨,æ—¥å…‰ã®è‰¯ã„æœ,MaÃ±ana soleada
daily_refresh_morning,daily,routine,basic,ğŸ’¨,#B0E0E6,"casual,home",greeting,ìƒˆë¡­ê²Œí•˜ë‹¤,sae-rop-ge-ha-da,ë‹¤ì‹œ ìƒˆê²ƒì²˜ëŸ¼ ë§Œë“¤ë‹¤,verb,"ê°±ì‹ í•˜ë‹¤,ë¦¬í”„ë ˆì‹œí•˜ë‹¤","ë‚¡ê²Œí•˜ë‹¤,ì˜¤ë˜ë˜ê²Œí•˜ë‹¤","ìƒˆë¡œì›€,ê°±ì‹ ","ìƒˆë¡œê³ ì¹¨,ë¦¬í”„ë ˆì‹œ","ì™„ì „íˆ ìƒˆë¡­ê²Œí•˜ë‹¤,ê¹¨ë—í•˜ê²Œ ìƒˆë¡­ê²Œí•˜ë‹¤",refresh,/rÉªËˆfreÊƒ/,make new again,verb,"renew,update","make old,deteriorate","renewal,update","refreshing,renewing","completely refresh,cleanly refresh",åˆ·æ–°,shua xin,é‡æ–°å˜å¾—åƒæ–°çš„ä¸€æ ·,verb,"æ›´æ–°,åˆ·æ–°","å˜æ—§,æ¶åŒ–","æ›´æ–°,åˆ·æ–°","åˆ·æ–°,æ›´æ–°","å®Œå…¨åˆ·æ–°,å¹²å‡€åœ°åˆ·æ–°",ãƒªãƒ•ãƒ¬ãƒƒã‚·ãƒ¥ã™ã‚‹,rifuresshu suru,å†ã³æ–°ã—ã„ã‚‚ã®ã®ã‚ˆã†ã«ã™ã‚‹,verb,"æ›´æ–°ã™ã‚‹,æ–°ã—ãã™ã‚‹","å¤ãã™ã‚‹,åŠ£åŒ–ã•ã›ã‚‹","æ›´æ–°,ãƒªãƒ•ãƒ¬ãƒƒã‚·ãƒ¥","ãƒªãƒ•ãƒ¬ãƒƒã‚·ãƒ¥,æ›´æ–°","å®Œå…¨ã«ãƒªãƒ•ãƒ¬ãƒƒã‚·ãƒ¥,ãã‚Œã„ã«ãƒªãƒ•ãƒ¬ãƒƒã‚·ãƒ¥",refrescar,re-fres-kar,hacer nuevo otra vez,verb,"renovar,actualizar","envejecer,deteriorar","renovaciÃ³n,actualizaciÃ³n","refrescar,renovar","refrescar completamente,refrescar limpiamente",ìƒˆë¡­ê²Œ ì‹œì‘í•˜ëŠ” ì•„ì¹¨,Refreshing morning,åˆ·æ–°çš„æ—©æ™¨,ãƒªãƒ•ãƒ¬ãƒƒã‚·ãƒ¥ã®æœ,MaÃ±ana refrescante
daily_gratitude_morning,daily,routine,basic,ğŸ™,#FFE4E1,"casual,home",greeting,ê°ì‚¬,gam-sa,ê³ ë§ˆì›Œí•˜ëŠ” ë§ˆìŒ,noun,"ê³ ë§ˆì›€,ì‚¬ë¡€","ì›ë§,ë¶ˆë§Œ","ë§ˆìŒ,ì •","ê°ì‚¬í•˜ê¸°,ê³ ë§ˆì›Œí•˜ê¸°","ê¹Šì€ ê°ì‚¬,ì§„ì‹¬ ê°ì‚¬",gratitude,/ËˆÉ¡rÃ¦tÉªtuËd/,thankful feeling,noun,"thankfulness,appreciation","complaint,dissatisfaction","heart,feeling","thanking,being grateful","deep gratitude,sincere gratitude",æ„Ÿè°¢,gan xie,æ„Ÿè°¢çš„å¿ƒæƒ…,noun,"æ„Ÿæ¿€,æ„Ÿè°¢","æŠ±æ€¨,ä¸æ»¡","å¿ƒæƒ…,æƒ…æ„Ÿ","æ„Ÿè°¢,æ„Ÿæ¿€","æ·±æ·±çš„æ„Ÿè°¢,çœŸè¯šçš„æ„Ÿè°¢",æ„Ÿè¬,kansha,ã‚ã‚ŠãŒãŸãæ€ã†å¿ƒ,noun,"æ„Ÿè¬,ã‚ã‚ŠãŒãŸã¿","ä¸æº€,æ–‡å¥","å¿ƒ,æ°—æŒã¡","æ„Ÿè¬ã™ã‚‹ã“ã¨,ã‚ã‚ŠãŒãŸãæ€ã†ã“ã¨","æ·±ã„æ„Ÿè¬,å¿ƒã‹ã‚‰ã®æ„Ÿè¬",gratitud,gra-ti-tud,sentimiento de agradecimiento,noun,"agradecimiento,apreciaciÃ³n","queja,insatisfacciÃ³n","corazÃ³n,sentimiento","agradecer,estar agradecido","gratitud profunda,gratitud sincera",ê°ì‚¬í•œ ì•„ì¹¨ì´ì—ìš”,Grateful morning,æ„Ÿæ©çš„æ—©æ™¨,æ„Ÿè¬ã®æœã§ã™ã­,MaÃ±ana agradecida
daily_motivation_start,daily,routine,basic,ğŸ¯,#FF6347,"casual,home",greeting,ë™ê¸°,dong-gi,í–‰ë™ì„ ì¼ìœ¼í‚¤ëŠ” ë§ˆìŒì˜ ì›ì¸,noun,"ì˜ìš•,ìê·¹","ë¬´ê´€ì‹¬,ëƒ‰ë‹´","ì›ì¸,ì´ìœ ","ë™ê¸°ë¶€ì—¬,ìê·¹ì£¼ê¸°","ê°•í•œ ë™ê¸°,ìˆœìˆ˜í•œ ë™ê¸°",motivation,/ËŒmoÊŠtÉªËˆveÉªÊƒÉ™n/,reason to act,noun,"drive,incentive","apathy,indifference","cause,reason","motivating,encouraging","strong motivation,pure motivation",åŠ¨æœº,dong ji,å¼•èµ·è¡ŒåŠ¨çš„å¿ƒç†åŸå› ,noun,"åŠ¨åŠ›,åˆºæ¿€","å†·æ¼ ,æ¼ ä¸å…³å¿ƒ","åŸå› ,ç†ç”±","æ¿€åŠ±,åˆºæ¿€","å¼ºçƒˆçš„åŠ¨æœº,çº¯ç²¹çš„åŠ¨æœº",å‹•æ©Ÿ,douki,è¡Œå‹•ã‚’èµ·ã“ã™å¿ƒã®åŸå› ,noun,"æ„æ¬²,åˆºæ¿€","ç„¡é–¢å¿ƒ,å†·æ·¡","åŸå› ,ç†ç”±","å‹•æ©Ÿã¥ã‘,åˆºæ¿€ã‚’ä¸ãˆã‚‹","å¼·ã„å‹•æ©Ÿ,ç´”ç²‹ãªå‹•æ©Ÿ",motivaciÃ³n,mo-ti-ba-sjon,razÃ³n para actuar,noun,"impulso,incentivo","apatÃ­a,indiferencia","causa,razÃ³n","motivar,alentar","motivaciÃ³n fuerte,motivaciÃ³n pura",ë™ê¸°ë¶€ì—¬ê°€ ë˜ëŠ” ì•„ì¹¨,Motivating morning,å……æ»¡åŠ¨åŠ›çš„æ—©æ™¨,ã‚„ã‚‹æ°—ã®å‡ºã‚‹æœ,MaÃ±ana motivadora
daily_optimism_greeting,daily,routine,basic,ğŸŒˆ,#FFB6C1,"casual,home",greeting,ë‚™ê´€,nak-gwan,ì¢‹ê²Œ ìƒê°í•˜ëŠ” íƒœë„,noun,"ê¸ì •,í¬ë§ì ","ë¹„ê´€,ë¶€ì •ì ","íƒœë„,ë§ˆìŒê°€ì§","ë‚™ê´€í•˜ê¸°,ê¸ì •ì ìœ¼ë¡œë³´ê¸°","ê°•í•œ ë‚™ê´€,ìˆœìˆ˜í•œ ë‚™ê´€",optimism,/ËˆÉ‘ËptÉªmÉªzÉ™m/,positive thinking attitude,noun,"positivity,hopefulness","pessimism,negativity","attitude,mindset","being optimistic,thinking positively","strong optimism,pure optimism",ä¹è§‚,le guan,ç§¯ææ€è€ƒçš„æ€åº¦,noun,"ç§¯æ,å¸Œæœ›","æ‚²è§‚,æ¶ˆæ","æ€åº¦,å¿ƒæ€","ä¹è§‚,ç§¯ææ€è€ƒ","å¼ºçƒˆçš„ä¹è§‚,çº¯ç²¹çš„ä¹è§‚",æ¥½è¦³,rakkan,è‰¯ãè€ƒãˆã‚‹æ…‹åº¦,noun,"ãƒã‚¸ãƒ†ã‚£ãƒ–,å¸Œæœ›çš„","æ‚²è¦³,ãƒã‚¬ãƒ†ã‚£ãƒ–","æ…‹åº¦,å¿ƒæ§‹ãˆ","æ¥½è¦³ã™ã‚‹ã“ã¨,å‰å‘ãã«è€ƒãˆã‚‹ã“ã¨","å¼·ã„æ¥½è¦³,ç´”ç²‹ãªæ¥½è¦³",optimismo,op-ti-mis-mo,actitud de pensamiento positivo,noun,"positividad,esperanza","pesimismo,negatividad","actitud,mentalidad","ser optimista,pensar positivamente","optimismo fuerte,optimismo puro",ë‚™ê´€ì ì¸ ì•„ì¹¨ì´ì—ìš”,Optimistic morning,ä¹è§‚çš„æ—©æ™¨,æ¥½è¦³çš„ãªæœã§ã™ã­,MaÃ±ana optimista
daily_vitality_morning,daily,routine,basic,ğŸ’ª,#32CD32,"casual,home",greeting,í™œë ¥,hwal-lyeok,ìƒê¸°ìˆëŠ” í˜,noun,"ìƒê¸°,ì›ê¸°","ë¬´ê¸°ë ¥,ë‚˜íƒœ","í˜,ì—ë„ˆì§€","í™œë ¥ì¶©ì „,ìƒê¸°íšŒë³µ","ë„˜ì¹˜ëŠ” í™œë ¥,ê°•í•œ í™œë ¥",vitality,/vaÉªËˆtÃ¦lÉ™ti/,lively energy,noun,"energy,vigor","lethargy,laziness","power,strength","vitality charging,energy recovery","overflowing vitality,strong vitality",æ´»åŠ›,huo li,æœ‰ç”Ÿæ°”çš„åŠ›é‡,noun,"ç”Ÿæ°”,ç²¾åŠ›","æ— åŠ›,æ‡’æƒ°","åŠ›é‡,èƒ½é‡","æ´»åŠ›å……ç”µ,ç²¾åŠ›æ¢å¤","å……æ²›çš„æ´»åŠ›,å¼ºå¤§çš„æ´»åŠ›",æ´»åŠ›,katsuryoku,ç”Ÿãç”Ÿãã¨ã—ãŸåŠ›,noun,"ç”Ÿæ°—,å…ƒæ°—","ç„¡æ°—åŠ›,æ€ æƒ°","åŠ›,ã‚¨ãƒãƒ«ã‚®ãƒ¼","æ´»åŠ›å……é›»,å…ƒæ°—å›å¾©","æº¢ã‚Œã‚‹æ´»åŠ›,å¼·ã„æ´»åŠ›",vitalidad,bi-ta-li-dad,energÃ­a vivaz,noun,"energÃ­a,vigor","letargo,pereza","poder,fuerza","carga de vitalidad,recuperaciÃ³n de energÃ­a","vitalidad desbordante,vitalidad fuerte",í™œë ¥ ë„˜ì¹˜ëŠ” ì•„ì¹¨,Vital morning,å……æ»¡æ´»åŠ›çš„æ—©æ™¨,æ´»åŠ›æº¢ã‚Œã‚‹æœ,MaÃ±ana vital
daily_serenity_home,daily,routine,basic,ğŸ§˜,#E6E6FA,"casual,home",greeting,í‰ì˜¨,pyeong-on,ë§ˆìŒì´ ê³ ìš”í•˜ê³  í‰ì•ˆí•¨,noun,"ê³ ìš”,í‰ì•ˆ","í˜¼ë€,ë¶ˆì•ˆ","ë§ˆìŒ,ì •ì‹ ","í‰ì˜¨í•˜ê¸°,ê³ ìš”í•˜ê¸°","ê¹Šì€ í‰ì˜¨,ì™„ì „í•œ í‰ì˜¨",serenity,/sÉ™ËˆrenÉ™ti/,calm and peaceful state,noun,"calmness,peace","chaos,anxiety","mind,spirit","being serene,being calm","deep serenity,complete serenity",å®é™,ning jing,å¿ƒæƒ…å¹³é™å®‰è¯¦,noun,"å¹³é™,å®‰è¯¦","æ··ä¹±,ä¸å®‰","å¿ƒæƒ…,ç²¾ç¥","å®é™,å¹³é™","æ·±æ·±çš„å®é™,å®Œå…¨çš„å®é™",å¹³ç©,heion,å¿ƒãŒé™ã‹ã§å¹³å®‰,noun,"é™å¯‚,å¹³å®‰","æ··ä¹±,ä¸å®‰","å¿ƒ,ç²¾ç¥","å¹³ç©ã§ã„ã‚‹ã“ã¨,é™ã‹ã§ã„ã‚‹ã“ã¨","æ·±ã„å¹³ç©,å®Œå…¨ãªå¹³ç©",serenidad,se-re-ni-dad,estado calmado y pacÃ­fico,noun,"calma,paz","caos,ansiedad","mente,espÃ­ritu","ser sereno,estar calmado","serenidad profunda,serenidad completa",í‰ì˜¨í•œ ì•„ì¹¨ì´ì—ìš”,Serene morning,å®é™çš„æ—©æ™¨,å¹³ç©ãªæœã§ã™ã­,MaÃ±ana serena
daily_cheerful_greeting,daily,routine,basic,ğŸ˜ƒ,#FFD700,"casual,home",greeting,ì¾Œí™œí•˜ë‹¤,kwae-hwal-ha-da,ë°ê³  í™œê¸°ì°¸,verb,"ëª…ë‘í•˜ë‹¤,í™œê¸°ì°¨ë‹¤","ìš°ìš¸í•˜ë‹¤,ì¹¨ìš¸í•˜ë‹¤","ë°ìŒ,í™œê¸°","ì¾Œí™œí•¨,ëª…ë‘í•¨","ë§¤ìš° ì¾Œí™œí•˜ë‹¤,ì •ë§ ì¾Œí™œí•˜ë‹¤",cheerful,/ËˆtÊƒÉªrfÉ™l/,bright and lively,verb,"bright,lively","gloomy,dull","brightness,liveliness","cheerfulness,brightness","very cheerful,really cheerful",å¼€æœ—,kai lang,æ˜äº®å’Œæœ‰æ´»åŠ›,verb,"æ˜äº®,æœ‰æ´»åŠ›","é˜´éƒ,æ²‰é—·","æ˜äº®,æ´»åŠ›","å¼€æœ—,æ˜äº®","éå¸¸å¼€æœ—,çœŸçš„å¼€æœ—",æ˜ã‚‹ã„,akarui,æ˜ã‚‹ãã¦æ´»ç™º,verb,"æ˜ã‚‹ã„,æ´»ç™º","é™°æ°—,éˆã„","æ˜ã‚‹ã•,æ´»ç™ºã•","æ˜ã‚‹ã•,æ´»ç™ºã•","ã¨ã¦ã‚‚æ˜ã‚‹ã„,æœ¬å½“ã«æ˜ã‚‹ã„",alegre,a-le-gre,brillante y animado,verb,"brillante,animado","sombrÃ­o,aburrido","brillo,vivacidad","alegrÃ­a,brillo","muy alegre,realmente alegre",ì¾Œí™œí•œ ì•„ì¹¨ì´ì—ìš”,Cheerful morning,å¼€æœ—çš„æ—©æ™¨,æ˜ã‚‹ã„æœã§ã™ã­,MaÃ±ana alegre
daily_harmony_family,daily,routine,basic,ğŸµ,#DDA0DD,"casual,home",greeting,ì¡°í™”,jo-hwa,ì„œë¡œ ì˜ ì–´ìš¸ë¦¼,noun,"ê· í˜•,í™”í•©","ë¶ˆí™”,ê°ˆë“±","ì–´ìš¸ë¦¼,í™”í•©","ì¡°í™”ì´ë£¨ê¸°,í™”í•©í•˜ê¸°","ì™„ë²½í•œ ì¡°í™”,ì•„ë¦„ë‹¤ìš´ ì¡°í™”",harmony,/ËˆhÉ‘ËrmÉ™ni/,working well together,noun,"balance,unity","discord,conflict","unity,cooperation","harmonizing,cooperating","perfect harmony,beautiful harmony",å’Œè°,he xie,å½¼æ­¤é…åˆå¾—å¥½,noun,"å¹³è¡¡,ç»Ÿä¸€","ä¸å’Œ,å†²çª","ç»Ÿä¸€,åˆä½œ","å’Œè°,åˆä½œ","å®Œç¾çš„å’Œè°,ç¾ä¸½çš„å’Œè°",èª¿å’Œ,chouwa,ãŠäº’ã„ã«ã‚ˆãåˆã†ã“ã¨,noun,"ãƒãƒ©ãƒ³ã‚¹,çµ±ä¸€","ä¸å’Œ,å¯¾ç«‹","èª¿å’Œ,å”åŠ›","èª¿å’Œã™ã‚‹ã“ã¨,å”åŠ›ã™ã‚‹ã“ã¨","å®Œç’§ãªèª¿å’Œ,ç¾ã—ã„èª¿å’Œ",armonÃ­a,ar-mo-ni-a,trabajando bien juntos,noun,"equilibrio,unidad","discordia,conflicto","unidad,cooperaciÃ³n","armonizar,cooperar","armonÃ­a perfecta,armonÃ­a hermosa",ì¡°í™”ë¡œìš´ ì•„ì¹¨ì´ì—ìš”,Harmonious morning,å’Œè°çš„æ—©æ™¨,èª¿å’Œã®å–ã‚ŒãŸæœã§ã™ã­,MaÃ±ana armoniosa
daily_bliss_morning,daily,routine,basic,ğŸ˜‡,#FFE4E1,"casual,home",greeting,í–‰ë³µ,haeng-bok,ì™„ì „í•œ ê¸°ì¨ê³¼ ë§Œì¡±,noun,"ê¸°ì¨,ë§Œì¡±","ê³ í†µ,ë¶ˆí–‰","ê°ì •,ë§ˆìŒ","í–‰ë³µí•˜ê¸°,ê¸°ë»í•˜ê¸°","ì™„ì „í•œ í–‰ë³µ,ìˆœìˆ˜í•œ í–‰ë³µ",bliss,/blÉªs/,perfect joy and satisfaction,noun,"joy,satisfaction","pain,misery","emotion,feeling","being blissful,rejoicing","complete bliss,pure bliss",å¹¸ç¦,xing fu,å®Œå…¨çš„å¿«ä¹å’Œæ»¡è¶³,noun,"å¿«ä¹,æ»¡è¶³","ç—›è‹¦,ä¸å¹¸","æƒ…æ„Ÿ,å¿ƒæƒ…","å¹¸ç¦,å¿«ä¹","å®Œå…¨çš„å¹¸ç¦,çº¯ç²¹çš„å¹¸ç¦",è‡³ç¦,shifuku,å®Œå…¨ãªå–œã³ã¨æº€è¶³,noun,"å–œã³,æº€è¶³","è‹¦ç—›,ä¸å¹¸","æ„Ÿæƒ…,æ°—æŒã¡","è‡³ç¦ã§ã‚ã‚‹ã“ã¨,å–œã¶ã“ã¨","å®Œå…¨ãªè‡³ç¦,ç´”ç²‹ãªè‡³ç¦",felicidad,fe-li-si-dad,alegrÃ­a y satisfacciÃ³n perfectas,noun,"alegrÃ­a,satisfacciÃ³n","dolor,miseria","emociÃ³n,sentimiento","ser feliz,regocijarse","felicidad completa,felicidad pura",í–‰ë³µí•œ ì•„ì¹¨ì´ì—ìš”,Blissful morning,å¹¸ç¦çš„æ—©æ™¨,è‡³ç¦ã®æœã§ã™ã­,MaÃ±ana feliz
daily_radiance_greeting,daily,routine,basic,âœ¨,#FFD700,"casual,home",greeting,ë¹›ë‚˜ë‹¤,bit-na-da,ë°ì€ ë¹›ì„ ë‚´ë‹¤,verb,"ë°˜ì§ì´ë‹¤,ë°œê´‘í•˜ë‹¤","ì–´ë‘¡ë‹¤,íë¦¬ë‹¤","ë¹›,ê´‘ì±„","ë¹›ëƒ„,ë°œê´‘","ë°ê²Œ ë¹›ë‚˜ë‹¤,ì•„ë¦„ë‹µê²Œ ë¹›ë‚˜ë‹¤",radiate,/ËˆreÉªdieÉªt/,give off bright light,verb,"shine,glow","darken,dim","light,radiance","radiating,glowing","brightly radiate,beautifully radiate",å‘å…‰,fa guang,å‘å‡ºæ˜äº®çš„å…‰,verb,"é—ªäº®,å‘å…‰","å˜æš—,å˜æš—æ·¡","å…‰,å…‰è¾‰","å‘å…‰,å‘äº®","æ˜äº®åœ°å‘å…‰,ç¾ä¸½åœ°å‘å…‰",è¼ã,kagayaku,æ˜ã‚‹ã„å…‰ã‚’å‡ºã™,verb,"å…‰ã‚‹,ç™ºå…‰ã™ã‚‹","æš—ããªã‚‹,æ›‡ã‚‹","å…‰,è¼ã","è¼ãã“ã¨,å…‰ã‚‹ã“ã¨","æ˜ã‚‹ãè¼ã,ç¾ã—ãè¼ã",radiar,ra-djar,emitir luz brillante,verb,"brillar,resplandecer","oscurecer,opacarse","luz,resplandor","radiar,resplandecer","radiar brillantemente,radiar hermosamente",ë¹›ë‚˜ëŠ” ì•„ì¹¨ì´ì—ìš”,Radiant morning,å…‰è¾‰çš„æ—©æ™¨,è¼ãæœã§ã™ã­,MaÃ±ana radiante
daily_tranquil_home,daily,routine,basic,ğŸ•Šï¸,#E0FFFF,"casual,home",greeting,ê³ ìš”í•˜ë‹¤,go-yo-ha-da,ì¡°ìš©í•˜ê³  í‰í™”ë¡œì›€,verb,"ì¡°ìš©í•˜ë‹¤,í‰í™”ë¡­ë‹¤","ì‹œë„ëŸ½ë‹¤,ì†Œë€í•˜ë‹¤","ì¡°ìš©í•¨,í‰í™”","ê³ ìš”í•¨,í‰ì˜¨í•¨","ë§¤ìš° ê³ ìš”í•˜ë‹¤,ì™„ì „íˆ ê³ ìš”í•˜ë‹¤",tranquil,/ËˆtrÃ¦Å‹kwÉªl/,quiet and peaceful,verb,"quiet,peaceful","noisy,chaotic","quietness,peace","tranquility,calmness","very tranquil,completely tranquil",å®é™,ning jing,å®‰é™å’Œå¹³å’Œ,verb,"å®‰é™,å¹³å’Œ","å˜ˆæ‚,æ··ä¹±","å®‰é™,å’Œå¹³","å®é™,å¹³é™","éå¸¸å®é™,å®Œå…¨å®é™",é™ã‹,shizuka,é™ã‹ã§å¹³å’Œ,verb,"é™ã‹,å¹³å’Œ","ã†ã‚‹ã•ã„,é¨’ãŒã—ã„","é™ã‘ã•,å¹³å’Œ","é™ã‘ã•,ç©ã‚„ã‹ã•","ã¨ã¦ã‚‚é™ã‹,å®Œå…¨ã«é™ã‹",tranquilo,tran-ki-lo,silencioso y pacÃ­fico,verb,"silencioso,pacÃ­fico","ruidoso,caÃ³tico","silencio,paz","tranquilidad,calma","muy tranquilo,completamente tranquilo",ê³ ìš”í•œ ì•„ì¹¨ì´ì—ìš”,Tranquil morning,å®é™çš„æ—©æ™¨,é™ã‹ãªæœã§ã™ã­,MaÃ±ana tranquila
daily_contentment_feeling,daily,routine,basic,ğŸ˜Œ,#F5DEB3,"casual,home",greeting,ë§Œì¡±,man-jok,ì¶©ë¶„íˆ í¡ì¡±í•¨,noun,"ì¶©ì¡±,í¡ì¡±","ë¶ˆë§Œ,ë¶€ì¡±","ë§ˆìŒ,ê°ì •","ë§Œì¡±í•˜ê¸°,í¡ì¡±í•˜ê¸°","ê¹Šì€ ë§Œì¡±,ì™„ì „í•œ ë§Œì¡±",contentment,/kÉ™nËˆtentmÉ™nt/,feeling satisfied,noun,"satisfaction,fulfillment","dissatisfaction,lack","feeling,emotion","being content,being satisfied","deep contentment,complete contentment",æ»¡è¶³,man zu,æ„Ÿåˆ°å……åˆ†æ»¡æ„,noun,"æ»¡è¶³,å……è¶³","ä¸æ»¡,ç¼ºä¹","æ„Ÿè§‰,æƒ…æ„Ÿ","æ»¡è¶³,æ»¡æ„","æ·±æ·±çš„æ»¡è¶³,å®Œå…¨çš„æ»¡è¶³",æº€è¶³,manzoku,ååˆ†ã«æº€ã¡è¶³ã‚Šã‚‹ã“ã¨,noun,"å……è¶³,æº€ã¡è¶³ã‚Šã‚‹ã“ã¨","ä¸æº€,ä¸è¶³","æ°—æŒã¡,æ„Ÿæƒ…","æº€è¶³ã™ã‚‹ã“ã¨,æº€ã¡è¶³ã‚Šã‚‹ã“ã¨","æ·±ã„æº€è¶³,å®Œå…¨ãªæº€è¶³",satisfacciÃ³n,sa-tis-fak-sjon,sentirse satisfecho,noun,"satisfacciÃ³n,cumplimiento","insatisfacciÃ³n,falta","sentimiento,emociÃ³n","estar contento,estar satisfecho","satisfacciÃ³n profunda,satisfacciÃ³n completa",ë§Œì¡±ìŠ¤ëŸ¬ìš´ ì•„ì¹¨ì´ì—ìš”,Content morning,æ»¡è¶³çš„æ—©æ™¨,æº€è¶³ãªæœã§ã™ã­,MaÃ±ana satisfecha
daily_renewal_morning,daily,routine,basic,ğŸ”„,#98FB98,"casual,home",greeting,ìƒˆë¡œì›Œì§€ë‹¤,sae-ro-wo-ji-da,ë‹¤ì‹œ ìƒˆê²ƒì´ ë˜ë‹¤,verb,"ê°±ì‹ ë˜ë‹¤,ë¦¬ë‰´ì–¼ë˜ë‹¤","ë‚¡ì•„ì§€ë‹¤,í‡´í™”í•˜ë‹¤","ê°±ì‹ ,ìƒˆë¡œì›Œì§","ìƒˆë¡œì›Œì§€ê¸°,ê°±ì‹ í•˜ê¸°","ì™„ì „íˆ ìƒˆë¡œì›Œì§€ë‹¤,ê¹¨ë—í•˜ê²Œ ìƒˆë¡œì›Œì§€ë‹¤",renew,/rÉªËˆnuË/,become new again,verb,"refresh,update","deteriorate,decay","renewal,refreshing","renewing,updating","completely renew,cleanly renew",æ›´æ–°,geng xin,é‡æ–°å˜æˆæ–°çš„,verb,"åˆ·æ–°,æ›´æ–°","å˜æ—§,è¡°é€€","æ›´æ–°,åˆ·æ–°","æ›´æ–°,åˆ·æ–°","å®Œå…¨æ›´æ–°,å¹²å‡€åœ°æ›´æ–°",æ–°ã—ããªã‚‹,atarashiku naru,å†ã³æ–°ã—ã„ã‚‚ã®ã«ãªã‚‹,verb,"ãƒªãƒ•ãƒ¬ãƒƒã‚·ãƒ¥ã™ã‚‹,æ›´æ–°ã™ã‚‹","å¤ããªã‚‹,é€€åŒ–ã™ã‚‹","æ›´æ–°,æ–°ã—ããªã‚‹ã“ã¨","æ–°ã—ããªã‚‹ã“ã¨,æ›´æ–°ã™ã‚‹ã“ã¨","å®Œå…¨ã«æ–°ã—ããªã‚‹,ãã‚Œã„ã«æ–°ã—ããªã‚‹",renovar,re-no-bar,volverse nuevo otra vez,verb,"refrescar,actualizar","deteriorarse,decaer","renovaciÃ³n,refrescante","renovar,actualizar","renovar completamente,renovar limpiamente",ìƒˆë¡œì›Œì§€ëŠ” ì•„ì¹¨ì´ì—ìš”,Renewing morning,æ›´æ–°çš„æ—©æ™¨,æ–°ã—ããªã‚‹æœã§ã™ã­,MaÃ±ana renovadora
daily_inspiration_start,daily,routine,basic,ğŸ’¡,#FFD700,"casual,home",greeting,ì˜ê°,yeong-gam,ì°½ì¡°ì  ì•„ì´ë””ì–´ë¥¼ ì£¼ëŠ” ìê·¹,noun,"ì•„ì´ë””ì–´,ìê·¹","ë¬´ê´€ì‹¬,ë¬´ê°ê°","ì°½ì¡°,ì•„ì´ë””ì–´","ì˜ê°ë°›ê¸°,ì•„ì´ë””ì–´ì–»ê¸°","í° ì˜ê°,ìˆœìˆ˜í•œ ì˜ê°",inspiration,/ËŒÉªnspÉ™ËˆreÉªÊƒÉ™n/,creative idea stimulus,noun,"idea,stimulus","indifference,numbness","creation,idea","getting inspired,getting ideas","great inspiration,pure inspiration",çµæ„Ÿ,ling gan,ç»™äºˆåˆ›é€ æ€§æƒ³æ³•çš„åˆºæ¿€,noun,"æƒ³æ³•,åˆºæ¿€","å†·æ¼ ,éº»æœ¨","åˆ›é€ ,æƒ³æ³•","è·å¾—çµæ„Ÿ,è·å¾—æƒ³æ³•","å·¨å¤§çš„çµæ„Ÿ,çº¯ç²¹çš„çµæ„Ÿ",ã‚¤ãƒ³ã‚¹ãƒ”ãƒ¬ãƒ¼ã‚·ãƒ§ãƒ³,insupireeshon,å‰µé€ çš„ã‚¢ã‚¤ãƒ‡ã‚¢ã‚’ä¸ãˆã‚‹åˆºæ¿€,noun,"ã‚¢ã‚¤ãƒ‡ã‚¢,åˆºæ¿€","ç„¡é–¢å¿ƒ,ç„¡æ„Ÿè¦š","å‰µé€ ,ã‚¢ã‚¤ãƒ‡ã‚¢","ã‚¤ãƒ³ã‚¹ãƒ”ãƒ¬ãƒ¼ã‚·ãƒ§ãƒ³ã‚’å—ã‘ã‚‹,ã‚¢ã‚¤ãƒ‡ã‚¢ã‚’å¾—ã‚‹","å¤§ããªã‚¤ãƒ³ã‚¹ãƒ”ãƒ¬ãƒ¼ã‚·ãƒ§ãƒ³,ç´”ç²‹ãªã‚¤ãƒ³ã‚¹ãƒ”ãƒ¬ãƒ¼ã‚·ãƒ§ãƒ³",inspiraciÃ³n,ins-pi-ra-sjon,estÃ­mulo de ideas creativas,noun,"idea,estÃ­mulo","indiferencia,entumecimiento","creaciÃ³n,idea","inspirarse,obtener ideas","gran inspiraciÃ³n,inspiraciÃ³n pura",ì˜ê°ì„ ì£¼ëŠ” ì•„ì¹¨ì´ì—ìš”,Inspiring morning,å……æ»¡çµæ„Ÿçš„æ—©æ™¨,ã‚¤ãƒ³ã‚¹ãƒ”ãƒ¬ãƒ¼ã‚·ãƒ§ãƒ³ã‚’ä¸ãˆã‚‹æœã§ã™ã­,MaÃ±ana inspiradora
daily_grace_morning,daily,routine,basic,ğŸŒº,#FFB6C1,"casual,home",greeting,ìš°ì•„í•¨,u-a-ham,í’ˆìœ„ìˆê³  ì•„ë¦„ë‹¤ìš´ ëª¨ìŠµ,noun,"í’ˆìœ„,ìš°ì•„","ì²œë°•,ì¡°ì•¼","ì•„ë¦„ë‹¤ì›€,í’ˆê²©","ìš°ì•„í•˜ê¸°,í’ˆìœ„ìˆê¸°","ì™„ë²½í•œ ìš°ì•„í•¨,ìì—°ìŠ¤ëŸ¬ìš´ ìš°ì•„í•¨",grace,/É¡reÉªs/,elegant and beautiful manner,noun,"elegance,dignity","vulgarity,crudeness","beauty,refinement","being graceful,being dignified","perfect grace,natural grace",ä¼˜é›…,you ya,æœ‰å“ä½ç¾ä¸½çš„æ ·å­,noun,"å“ä½,ä¼˜é›…","ç²—ä¿—,ç²—é‡","ç¾ä¸½,å“æ ¼","ä¼˜é›…,æœ‰å“ä½","å®Œç¾çš„ä¼˜é›…,è‡ªç„¶çš„ä¼˜é›…",å„ªé›…,yuuga,å“ä½ãŒã‚ã£ã¦ç¾ã—ã„æ§˜å­,noun,"å“ä½,å„ªé›…","ä¸‹å“,ç²—é‡","ç¾ã—ã•,å“æ ¼","å„ªé›…ã§ã‚ã‚‹ã“ã¨,å“ä½ãŒã‚ã‚‹ã“ã¨","å®Œç’§ãªå„ªé›…ã•,è‡ªç„¶ãªå„ªé›…ã•",gracia,gra-sja,manera elegante y hermosa,noun,"elegancia,dignidad","vulgaridad,rudeza","belleza,refinamiento","ser elegante,ser digno","gracia perfecta,gracia natural",ìš°ì•„í•œ ì•„ì¹¨ì´ì—ìš”,Graceful morning,ä¼˜é›…çš„æ—©æ™¨,å„ªé›…ãªæœã§ã™ã­,MaÃ±ana elegante
daily_abundance_greeting,daily,routine,basic,ğŸŒ¾,#DAA520,"casual,home",greeting,í’ìš”,pung-yo,ë„‰ë„‰í•˜ê³  ë§ìŒ,noun,"í’ë¶€,ë„‰ë„‰í•¨","ë¶€ì¡±,ê²°í•","ë§ìŒ,í’ë¶€í•¨","í’ìš”ë¡œì›€,ë„‰ë„‰í•¨","ë¬´í•œí•œ í’ìš”,ìì—°ìŠ¤ëŸ¬ìš´ í’ìš”",abundance,/É™ËˆbÊŒndÉ™ns/,plentiful and rich,noun,"plenty,richness","shortage,lack","plenty,richness","being abundant,being plentiful","infinite abundance,natural abundance",ä¸°å¯Œ,feng fu,å……è¶³å’Œä¸°å¯Œ,noun,"å……è¶³,ä¸°å¯Œ","ç¼ºä¹,ç¼ºå°‘","ä¸°å¯Œ,å……è¶³","ä¸°å¯Œ,å……è¶³","æ— é™çš„ä¸°å¯Œ,è‡ªç„¶çš„ä¸°å¯Œ",è±Šã‹ã•,yutakasa,è±Šå¯Œã§å¤šã„ã“ã¨,noun,"è±Šå¯Œ,è±Šã‹ã•","ä¸è¶³,æ¬ ä¹","è±Šå¯Œã•,è±Šã‹ã•","è±Šã‹ã§ã‚ã‚‹ã“ã¨,è±Šå¯Œã§ã‚ã‚‹ã“ã¨","ç„¡é™ã®è±Šã‹ã•,è‡ªç„¶ãªè±Šã‹ã•",abundancia,a-bun-dan-sja,abundante y rico,noun,"abundancia,riqueza","escasez,falta","abundancia,riqueza","ser abundante,ser abundante","abundancia infinita,abundancia natural",í’ìš”ë¡œìš´ ì•„ì¹¨ì´ì—ìš”,Abundant morning,ä¸°å¯Œçš„æ—©æ™¨,è±Šã‹ãªæœã§ã™ã­,MaÃ±ana abundante
daily_kindness_sharing,daily,routine,basic,ğŸ’,#FFB6C1,"casual,home",greeting,ì¹œì ˆ,chin-jeol,ë‹¤ë¥¸ ì‚¬ëŒì„ ìƒê°í•˜ëŠ” ë§ˆìŒ,noun,"ë°°ë ¤,ì˜¨ì •","ë¬´ê´€ì‹¬,ëƒ‰ì •","ë§ˆìŒ,ì •","ì¹œì ˆí•˜ê¸°,ë°°ë ¤í•˜ê¸°","ì§„ì‹¬ ì¹œì ˆ,ìì—°ìŠ¤ëŸ¬ìš´ ì¹œì ˆ",kindness,/ËˆkaÉªndnÉ™s/,caring about others,noun,"care,warmth","indifference,coldness","heart,feeling","being kind,caring","sincere kindness,natural kindness",å–„è‰¯,shan liang,å…³å¿ƒä»–äººçš„å¿ƒ,noun,"å…³æ€€,æ¸©æš–","å†·æ¼ ,å†·é…·","å¿ƒ,æ„Ÿæƒ…","å–„è‰¯,å…³æ€€","çœŸè¯šçš„å–„è‰¯,è‡ªç„¶çš„å–„è‰¯",å„ªã—ã•,yasashisa,ä»–ã®äººã‚’æ€ã†å¿ƒ,noun,"é…æ…®,æ¸©ã‹ã•","ç„¡é–¢å¿ƒ,å†·ãŸã•","å¿ƒ,æ°—æŒã¡","å„ªã—ãã™ã‚‹ã“ã¨,é…æ…®ã™ã‚‹ã“ã¨","å¿ƒã‹ã‚‰ã®å„ªã—ã•,è‡ªç„¶ãªå„ªã—ã•",bondad,bon-dad,preocuparse por otros,noun,"cuidado,calidez","indiferencia,frialdad","corazÃ³n,sentimiento","ser bondadoso,cuidar","bondad sincera,bondad natural",ì¹œì ˆí•œ ì•„ì¹¨ì´ì—ìš”,Kind morning,å–„è‰¯çš„æ—©æ™¨,å„ªã—ã„æœã§ã™ã­,MaÃ±ana bondadosa
daily_gratful_heart,daily,routine,basic,ğŸ’–,#FF69B4,"casual,home",greeting,ê°ì‚¬í•œë§ˆìŒ,gam-sa-han-ma-eum,ê³ ë§ˆì›Œí•˜ëŠ” ë§ˆìŒ,noun,"ê³ ë§ˆì›€,ê°ì‚¬í•¨","ì›ë§,ë¶ˆë§Œ","ë§ˆìŒ,ì •ì‹ ","ê°ì‚¬í•˜ê¸°,ê³ ë§ˆì›Œí•˜ê¸°","ê¹Šì€ ê°ì‚¬ë§ˆìŒ,ì§„ì‹¤í•œ ê°ì‚¬ë§ˆìŒ",grateful heart,/ËˆÉ¡reÉªtfÉ™l hÉ‘Ërt/,thankful mind,noun,"thankfulness,appreciation","resentment,complaint","mind,spirit","being grateful,appreciating","deep grateful heart,true grateful heart",æ„Ÿæ©ä¹‹å¿ƒ,gan en zhi xin,æ„Ÿè°¢çš„å¿ƒ,noun,"æ„Ÿæ¿€,æ„Ÿè°¢","æ€¨æ¨,æŠ±æ€¨","å¿ƒ,ç²¾ç¥","æ„Ÿæ©,æ„Ÿæ¿€","æ·±æ·±çš„æ„Ÿæ©ä¹‹å¿ƒ,çœŸè¯šçš„æ„Ÿæ©ä¹‹å¿ƒ",æ„Ÿè¬ã®å¿ƒ,kansha no kokoro,ã‚ã‚ŠãŒãŸãæ€ã†å¿ƒ,noun,"æ„Ÿè¬,ã‚ã‚ŠãŒãŸã¿","æ¨ã¿,ä¸æº€","å¿ƒ,ç²¾ç¥","æ„Ÿè¬ã™ã‚‹ã“ã¨,ã‚ã‚ŠãŒãŸãæ€ã†ã“ã¨","æ·±ã„æ„Ÿè¬ã®å¿ƒ,çœŸå®Ÿã®æ„Ÿè¬ã®å¿ƒ",corazÃ³n agradecido,ko-ra-son a-gra-de-si-do,mente agradecida,noun,"agradecimiento,apreciaciÃ³n","resentimiento,queja","mente,espÃ­ritu","estar agradecido,apreciar","corazÃ³n agradecido profundo,corazÃ³n agradecido verdadero",ê°ì‚¬í•œ ë§ˆìŒìœ¼ë¡œ ì•„ì¹¨ì„ ë§ì•„ìš”,Greet morning with grateful heart,ä»¥æ„Ÿæ©çš„å¿ƒè¿æ¥æ—©æ™¨,æ„Ÿè¬ã®å¿ƒã§æœã‚’è¿ãˆã¾ã™,Recibo la maÃ±ana con corazÃ³n agradecido
daily_wonder_morning,daily,routine,basic,ğŸŒŸ,#FFD700,"casual,home",greeting,ê²½ì´ë¡œì›€,gyeong-i-ro-um,ë†€ë¼ê³  ì‹ ê¸°í•œ ëŠë‚Œ,noun,"ë†€ë¼ì›€,ì‹ ê¸°í•¨","ì§€ë£¨í•¨,ë¬´ê´€ì‹¬","ê°ì •,ëŠë‚Œ","ê²½ì´ë¡œì›Œí•˜ê¸°,ë†€ë¼ì›Œí•˜ê¸°","ìˆœìˆ˜í•œ ê²½ì´ë¡œì›€,ê¹Šì€ ê²½ì´ë¡œì›€",wonder,/ËˆwÊŒndÉ™r/,amazing and curious feeling,noun,"amazement,curiosity","boredom,indifference","emotion,feeling","wondering,being amazed","pure wonder,deep wonder",æƒŠå¥‡,jing qi,æƒŠè®¶å’Œç¥å¥‡çš„æ„Ÿè§‰,noun,"æƒŠè®¶,ç¥å¥‡","æ— èŠ,å†·æ¼ ","æƒ…æ„Ÿ,æ„Ÿè§‰","æƒŠå¥‡,æƒŠè®¶","çº¯ç²¹çš„æƒŠå¥‡,æ·±æ·±çš„æƒŠå¥‡",é©šã,odoroki,é©šã„ã¦ä¸æ€è­°ãªæ°—æŒã¡,noun,"é©šã,ä¸æ€è­°ã•","é€€å±ˆ,ç„¡é–¢å¿ƒ","æ„Ÿæƒ…,æ°—æŒã¡","é©šãã“ã¨,é©šå˜†ã™ã‚‹ã“ã¨","ç´”ç²‹ãªé©šã,æ·±ã„é©šã",asombro,a-som-bro,sentimiento asombroso y curioso,noun,"asombro,curiosidad","aburrimiento,indiferencia","emociÃ³n,sentimiento","asombrarse,estar asombrado","asombro puro,asombro profundo",ê²½ì´ë¡œìš´ ì•„ì¹¨ì´ì—ìš”,Wonderful morning,ä»¤äººæƒŠå¥‡çš„æ—©æ™¨,é©šãã®æœã§ã™ã­,MaÃ±ana asombrosa
daily_precious_moment,daily,routine,basic,ğŸ’,#FF69B4,"casual,home",greeting,ì†Œì¤‘í•¨,so-jung-ham,ë§¤ìš° ê·€í•˜ê³  ê°’ì§„ ê²ƒ,noun,"ê·€ì¤‘í•¨,ê°€ì¹˜","í•˜ì°®ìŒ,ë¬´ê°€ì¹˜","ê°€ì¹˜,ì¤‘ìš”ì„±","ì†Œì¤‘íˆì—¬ê¸°ê¸°,ê·€í•˜ê²Œì—¬ê¸°ê¸°","ë¬´í•œíˆ ì†Œì¤‘í•¨,ì§„ì‹¤ë¡œ ì†Œì¤‘í•¨",precious,/ËˆpreÊƒÉ™s/,very valuable and important,noun,"valuable,important","worthless,unimportant","value,importance","treasuring,valuing","infinitely precious,truly precious",çè´µ,zhen gui,éå¸¸è´µé‡å’Œé‡è¦,noun,"è´µé‡,é‡è¦","æ— ä»·å€¼,ä¸é‡è¦","ä»·å€¼,é‡è¦æ€§","çæƒœ,é‡è§†","æ— é™çè´µ,çœŸæ­£çè´µ",è²´é‡,kichou,ã¨ã¦ã‚‚è²´ãã¦ä¾¡å€¤ã®ã‚ã‚‹ã‚‚ã®,noun,"å¤§åˆ‡,ä¾¡å€¤","ä¾¡å€¤ãŒãªã„,é‡è¦ã§ãªã„","ä¾¡å€¤,é‡è¦æ€§","å¤§åˆ‡ã«ã™ã‚‹ã“ã¨,ä¾¡å€¤ã‚’èªã‚ã‚‹ã“ã¨","ç„¡é™ã«è²´é‡,æœ¬å½“ã«è²´é‡",precioso,pre-sjo-so,muy valioso e importante,noun,"valioso,importante","sin valor,sin importancia","valor,importancia","atesorar,valorar","infinitamente precioso,verdaderamente precioso",ì†Œì¤‘í•œ ì•„ì¹¨ì´ì—ìš”,Precious morning,çè´µçš„æ—©æ™¨,è²´é‡ãªæœã§ã™ã­,MaÃ±ana preciosa
daily_delightful_start,daily,routine,basic,ğŸˆ,#FFB6C1,"casual,home",greeting,ì¦ê±°ì›€,jeul-geo-um,ê¸°ì˜ê³  ì¬ë¯¸ìˆëŠ” ê°ì •,noun,"ê¸°ì¨,ì¬ë¯¸","ìŠ¬í””,ì§€ë£¨í•¨","ê°ì •,ëŠë‚Œ","ì¦ê±°ì›Œí•˜ê¸°,ì¬ë¯¸ìˆì–´í•˜ê¸°","ìˆœìˆ˜í•œ ì¦ê±°ì›€,ê¹Šì€ ì¦ê±°ì›€",delight,/dÉªËˆlaÉªt/,joyful and fun emotion,noun,"joy,fun","sadness,boredom","emotion,feeling","delighting,enjoying","pure delight,deep delight",æ„‰æ‚¦,yu yue,å¿«ä¹å’Œæœ‰è¶£çš„æƒ…æ„Ÿ,noun,"å¿«ä¹,æœ‰è¶£","æ‚²ä¼¤,æ— èŠ","æƒ…æ„Ÿ,æ„Ÿè§‰","æ„‰æ‚¦,äº«å—","çº¯ç²¹çš„æ„‰æ‚¦,æ·±æ·±çš„æ„‰æ‚¦",å–œã³,yorokobi,å¬‰ã—ãã¦æ¥½ã—ã„æ„Ÿæƒ…,noun,"å–œã³,æ¥½ã—ã¿","æ‚²ã—ã¿,é€€å±ˆ","æ„Ÿæƒ…,æ°—æŒã¡","å–œã¶ã“ã¨,æ¥½ã—ã‚€ã“ã¨","ç´”ç²‹ãªå–œã³,æ·±ã„å–œã³",deleite,de-lei-te,emociÃ³n alegre y divertida,noun,"alegrÃ­a,diversiÃ³n","tristeza,aburrimiento","emociÃ³n,sentimiento","deleitarse,disfrutar","deleite puro,deleite profundo",ì¦ê±°ìš´ ì•„ì¹¨ì´ì—ìš”,Delightful morning,æ„‰æ‚¦çš„æ—©æ™¨,æ¥½ã—ã„æœã§ã™ã­,MaÃ±ana deliciosa
