domain,category,difficulty,emoji,color,situation,purpose,korean_word,korean_pronunciation,korean_definition,korean_pos,korean_synonyms,korean_antonyms,korean_word_family,korean_compound_words,korean_collocations,english_word,english_pronunciation,english_definition,english_pos,english_synonyms,english_antonyms,english_word_family,english_compound_words,english_collocations,chinese_word,chinese_pronunciation,chinese_definition,chinese_pos,chinese_synonyms,chinese_antonyms,chinese_word_family,chinese_compound_words,chinese_collocations,japanese_word,japanese_pronunciation,japanese_definition,japanese_pos,japanese_synonyms,japanese_antonyms,japanese_word_family,japanese_compound_words,japanese_collocations,korean_example,english_example,chinese_example,japanese_example
daily,routine,basic,⏰,#4CAF50,"casual,home",description,아침,a-chim,하루가 시작되는 시간,명사,"새벽,조간","저녁,밤","시간,일과","아침식사,아침운동","상쾌한 아침,이른 아침",morning,/ˈmɔːrnɪŋ/,the early part of the day,noun,"dawn,daybreak","evening,night","time,daily","morning exercise,morning coffee","early morning,fresh morning",早晨,zǎo chén,一天开始的时间,名词,"清晨,上午","晚上,夜晚","时间,日程","早晨锻炼,早餐","清爽的早晨,早起",朝,asa,一日の始まりの時間,名詞,"朝方,午前","夕方,夜","時間,日課","朝の運動,朝食","爽やかな朝,早朝",오늘 아침 일찍 일어났어요.,I got up early this morning.,今天早晨我起得很早。,今朝早く起きました。
daily,communication,basic,📞,#FF9800,"casual,work",request,전화,jeon-hwa,멀리 있는 사람과 말하는 기계,명사,"통화,콜","편지,문자","연락,소통","전화기,전화번호","긴급 전화,국제 전화",phone,/foʊn/,device for speaking to someone far away,noun,"telephone,call","letter,text","communication,contact","phone number,phone call","emergency phone,mobile phone",电话,diàn huà,与远方的人通话的设备,名词,"通话,电话机","信件,短信","联系,沟通","电话号码,电话机","紧急电话,手机",電話,denwa,遠くの人と話すための機器,名詞,"通話,テレフォン","手紙,メール","連絡,コミュニケーション","電話番号,電話機","緊急電話,携帯電話",엄마에게 전화를 걸었어요.,I called my mom.,我给妈妈打了电话。,お母さんに電話をかけました。
daily,time,basic,🕐,#2196F3,"casual,formal",question,시간,si-gan,언제인지를 나타내는 것,명사,"때,순간","영원,무한","시각,일정","시간표,시계","소중한 시간,바쁜 시간",time,/taɪm/,when something happens,noun,"moment,hour","eternity,forever","schedule,timing","timetable,clock","precious time,busy time",时间,shí jiān,什么时候发生的概念,名词,"时刻,时候","永恒,无限","时刻,日程","时间表,时钟","宝贵时间,忙碌时间",時間,jikan,いつかを表すもの,名詞,"時刻,とき","永遠,無限","スケジュール,タイミング","時間割,時計","大切な時間,忙しい時間",지금 몇 시예요?,What time is it now?,现在几点了？,今何時ですか？
daily,clothing,basic,👕,#E91E63,"casual,shopping",description,옷,ot,몸에 입는 것,명사,"의복,의류","벗음,나체","패션,스타일","옷장,옷가게","예쁜 옷,따뜻한 옷",clothes,/kloʊðz/,things you wear on your body,noun,"clothing,garments","nakedness,bare","fashion,style","wardrobe,clothing store","beautiful clothes,warm clothes",衣服,yī fu,穿在身上的东西,名词,"服装,服饰","裸体,赤身","时尚,风格","衣柜,服装店","漂亮衣服,温暖衣服",服,fuku,体に着るもの,名詞,"衣服,衣類","裸,素肌","ファッション,スタイル","クローゼット,洋服店","きれいな服,暖かい服",새 옷을 샀어요.,I bought new clothes.,我买了新衣服。,新しい服を買いました。
daily,emotions,basic,😊,#FFC107,"casual,social",emotion,행복,haeng-bok,기쁘고 즐거운 마음,명사,"기쁨,즐거움","슬픔,불행","감정,마음","행복감,행복한","진정한 행복,소소한 행복",happiness,/ˈhæpɪnəs/,feeling of joy and pleasure,noun,"joy,delight","sadness,sorrow","emotion,feeling","joyfulness,bliss","true happiness,simple happiness",幸福,xìng fú,快乐愉悦的心情,名词,"快乐,喜悦","悲伤,不幸","情感,心情","幸福感,愉快","真正的幸福,简单的幸福",幸せ,shiawase,嬉しく楽しい気持ち,名詞,"喜び,楽しさ","悲しみ,不幸","感情,気持ち","幸福感,喜び","本当の幸せ,小さな幸せ",가족과 함께 있으면 행복해요.,I'm happy when I'm with my family.,和家人在一起很幸福。,家族と一緒にいると幸せです。
daily,personal_care,basic,🧼,#00BCD4,"casual,home",instruction,씻다,ssit-da,몸을 깨끗하게 하다,동사,"닦다,청소하다","더럽히다,오염시키다","청결,위생","세수,목욕","깨끗이 씻다,잘 씻다",wash,/wɑːʃ/,to clean with water,verb,"clean,rinse","dirty,soil","hygiene,cleanliness","face wash,bath","wash thoroughly,wash well",洗,xǐ,用水清洁,动词,"清洗,冲洗","弄脏,污染","卫生,清洁","洗脸,洗澡","彻底清洗,好好洗",洗う,arau,水できれいにする,動詞,"清める,すすぐ","汚す,汚染する","衛生,清潔","洗顔,入浴","きれいに洗う,よく洗う",손을 깨끗이 씻으세요.,Wash your hands clean.,请把手洗干净。,手をきれいに洗ってください。
daily,household,intermediate,🏠,#795548,"home,casual",description,집안일,jib-an-il,집에서 하는 여러 가지 일,명사,"가사,살림","직장일,업무","가정,생활","청소,요리","힘든 집안일,많은 집안일",housework,/ˈhaʊswɜːrk/,work done in taking care of a house,noun,"domestic work,chores","office work,job","home,household","cleaning,cooking","hard housework,lots of housework",家务,jiā wù,在家里做的各种工作,名词,"家事,家政","工作,职业","家庭,生活","打扫,做饭","繁重的家务,很多家务",家事,kaji,家でするいろいろな仕事,名詞,"家政,生活","仕事,職業","家庭,暮らし","掃除,料理","大変な家事,たくさんの家事",매일 집안일을 해요.,I do housework every day.,我每天都做家务。,毎日家事をします。
daily,leisure,intermediate,📚,#9C27B0,"casual,home",description,취미,chwi-mi,즐거움을 위해 하는 일,명사,"여가,오락","일,업무","관심,활동","취미생활,취미활동","다양한 취미,새로운 취미",hobby,/ˈhɑːbi/,activity done for pleasure,noun,"pastime,interest","work,job","leisure,recreation","hobby activity,pursuit","various hobbies,new hobby",爱好,ài hào,为了快乐而做的事情,名词,"兴趣,嗜好","工作,职业","休闲,娱乐","爱好活动,兴趣","各种爱好,新爱好",趣味,shumi,楽しみのためにすること,名詞,"娯楽,興味","仕事,職業","余暇,レクリエーション","趣味活動,嗜好","いろいろな趣味,新しい趣味",독서가 제 취미예요.,Reading is my hobby.,读书是我的爱好。,読書が私の趣味です。
food,vegetable,basic,🥕,#FF5722,"casual,shopping",description,당근,dang-geun,주황색의 뿌리 채소,명사,"홍당무,캐럿",,"채소,뿌리","당근주스,당근케이크","신선한 당근,달콤한 당근",carrot,/ˈkærət/,orange root vegetable,noun,"orange vegetable,root",,"vegetable,root","carrot juice,carrot cake","fresh carrot,sweet carrot",胡萝卜,hú luó bo,橙色的根茎蔬菜,名词,"红萝卜,胡萝卜",,"蔬菜,根茎","胡萝卜汁,胡萝卜蛋糕","新鲜胡萝卜,甜胡萝卜",人参,ninjin,オレンジ色の根菜,名詞,"キャロット,根菜",,"野菜,根っこ","人参ジュース,人参ケーキ","新鮮な人参,甘い人参",당근을 잘게 썰어 주세요.,Please chop the carrots finely.,请把胡萝卜切细。,人参を細かく切ってください。
food,meat,basic,🥩,#8BC34A,"casual,shopping",description,고기,go-gi,동물의 살,명사,"육류,정육","채소,야채","단백질,음식","고기집,고기요리","신선한 고기,맛있는 고기",meat,/miːt/,flesh of animals used as food,noun,"flesh,protein","vegetables,plants","protein,food","meat shop,meat dish","fresh meat,delicious meat",肉,ròu,动物的肉,名词,"肉类,荤菜","蔬菜,素食","蛋白质,食物","肉店,肉菜","新鲜的肉,美味的肉",肉,niku,動物の肉,名詞,"肉類,タンパク質","野菜,植物","タンパク質,食べ物","肉屋,肉料理","新鮮な肉,美味しい肉",고기를 구워서 먹어요.,I grill and eat meat.,我烤肉吃。,肉を焼いて食べます。
food,drink,basic,🥛,#03A9F4,"casual,home",request,우유,u-yu,소에서 나오는 흰 음료,명사,"밀크,젖","물,차","음료,유제품","우유병,우유팩","신선한 우유,따뜻한 우유",milk,/mɪlk/,white liquid from cows,noun,"dairy,liquid","water,juice","beverage,dairy","milk bottle,milk carton","fresh milk,warm milk",牛奶,niú nǎi,从牛身上获得的白色饮料,名词,"奶,乳制品","水,茶","饮料,乳品","牛奶瓶,牛奶盒","新鲜牛奶,温牛奶",牛乳,gyūnyū,牛から出る白い飲み物,名詞,"ミルク,乳製品","水,お茶","飲み物,乳製品","牛乳瓶,牛乳パック","新鮮な牛乳,温かい牛乳",우유 한 잔 주세요.,Please give me a glass of milk.,请给我一杯牛奶。,牛乳を一杯ください。
food,grain,basic,🍚,#FFC107,"casual,home",description,쌀,ssal,밥을 만드는 곡물,명사,"벼,미곡","밀,보리","곡물,주식","쌀밥,쌀가루","맛있는 쌀,좋은 쌀",rice,/raɪs/,grain used to make food,noun,"grain,cereal","wheat,barley","food,staple","cooked rice,rice flour","delicious rice,good rice",米,mǐ,做饭用的谷物,名词,"大米,稻米","小麦,大麦","谷物,主食","米饭,米粉","好吃的米,优质米",米,kome,ご飯を作る穀物,名詞,"お米,穀物","小麦,大麦","穀物,主食","ご飯,米粉","美味しい米,良い米",쌀로 밥을 지어요.,I cook rice with rice grains.,用米做饭。,米でご飯を炊きます。
food,dairy,intermediate,🧀,#FFEB3B,"casual,shopping",description,치즈,chi-jeu,우유로 만든 발효 식품,명사,"유제품,발효식품",,"음식,간식","치즈케이크,치즈버거","맛있는 치즈,신선한 치즈",cheese,/tʃiːz/,food made from milk,noun,"dairy product,fermented",,"food,snack","cheesecake,cheeseburger","delicious cheese,fresh cheese",奶酪,nǎi lào,用牛奶制成的发酵食品,名词,"乳制品,发酵食品",,"食物,零食","奶酪蛋糕,奶酪汉堡","美味奶酪,新鲜奶酪",チーズ,chīzu,牛乳から作る発酵食品,名詞,"乳製品,発酵食品",,"食べ物,おやつ","チーズケーキ,チーズバーガー","美味しいチーズ,新鮮なチーズ",치즈가 들어간 샌드위치를 먹어요.,I eat a sandwich with cheese.,我吃有奶酪的三明治。,チーズ入りのサンドイッチを食べます。
food,cooking,intermediate,🍳,#FF6F00,"home,casual",instruction,요리,yo-ri,음식을 만드는 일,명사,"조리,음식","외식,배달","기술,활동","요리법,요리책","맛있는 요리,새로운 요리",cooking,/ˈkʊkɪŋ/,preparing food,noun,"culinary,preparation","eating out,takeout","skill,activity","recipe,cookbook","delicious cooking,new cooking",烹饪,pēng rèn,制作食物的活动,名词,"烹调,制作","外食,外卖","技能,活动","食谱,烹饪书","美味烹饪,新烹饪",料理,ryōri,食べ物を作ること,名詞,"調理,クッキング","外食,出前","技術,活動","レシピ,料理本","美味しい料理,新しい料理",엄마가 요리를 잘해요.,My mom is good at cooking.,妈妈很会做菜。,お母さんは料理が上手です。
food,restaurant,intermediate,🍽️,#795548,"formal,social",request,식당,sik-dang,음식을 파는 곳,명사,"음식점,레스토랑","집,가정","건물,시설","호텔방,호텔예약","좋은 호텔,고급 호텔",restaurant,/ˈrestərɑːnt/,place that sells food,noun,"eatery,diner","home,house","place,establishment","restaurant district,restaurant owner","good restaurant,famous restaurant",餐厅,cān tīng,卖食物的地方,名词,"饭店,餐馆","家,住宅","地方,场所","餐厅区,餐厅老板","好餐厅,著名餐厅",レストラン,resutoran,食べ物を売る場所,名詞,"食堂,飲食店","家,住宅","場所,店舗","レストラン街,レストランオーナー","良いレストラン,有名なレストラン",이 식당 음식이 맛있어요.,The food at this restaurant is delicious.,这家餐厅的菜很好吃。,このレストランの料理は美味しいです。
food,spices,advanced,🌶️,#F44336,"casual,cooking",description,향신료,hyang-sin-ryo,음식에 맛과 향을 더하는 재료,명사,"조미료,양념","싱거움,무미","재료,첨가물","향신료통,향신료가게","다양한 향신료,exotic 향신료",spice,/spaɪs/,substance that adds flavor to food,noun,"seasoning,flavoring","blandness,plain","ingredient,additive","spice jar,spice shop","various spices,exotic spices",香料,xiāng liào,给食物增加味道和香味的材料,名词,"调料,佐料","淡味,无味","材料,添加剂","香料罐,香料店","各种香料,异国香料",香辛料,kōshinryō,食べ物に味と香りを加える材料,名詞,"調味料,スパイス","薄味,無味","材料,添加物","香辛料入れ,香辛料店","いろいろな香辛料,エキゾチックな香辛料",인도 음식에는 향신료가 많이 들어가요.,Indian food contains many spices.,印度菜里放很多香料。,インド料理にはたくさんの香辛料が入ります。
food,kitchen,intermediate,🔪,#607D8B,"home,casual",instruction,칼,kal,음식을 자르는 도구,명사,"나이프,도구","포크,숟가락","도구,기구","식칼,과도","날카로운 칼,좋은 칼",knife,/naɪf/,tool for cutting food,noun,"blade,cutter","fork,spoon","tool,utensil","kitchen knife,paring knife","sharp knife,good knife",刀,dāo,切食物的工具,名词,"刀具,切刀","叉子,勺子","工具,器具","菜刀,水果刀","锋利的刀,好刀",包丁,hōchō,食べ物を切る道具,名詞,"ナイフ,刃物","フォーク,スプーン","道具,器具","包丁,果物ナイフ","鋭い包丁,良い包丁",칼로 야채를 썰어요.,I cut vegetables with a knife.,用刀切蔬菜。,包丁で野菜を切ります。
food,dessert,basic,🍰,#E1BEE7,"casual,social",description,케이크,ke-i-keu,달콤한 디저트,명사,"과자,디저트",,"간식,후식","케이크집,생일케이크","맛있는 케이크,예쁜 케이크",cake,/keɪk/,sweet dessert,noun,"dessert,pastry",,"treat,sweet","cake shop,birthday cake","delicious cake,beautiful cake",蛋糕,dàn gāo,甜美的甜品,名词,"甜点,糕点",,"点心,甜食","蛋糕店,生日蛋糕","美味蛋糕,漂亮蛋糕",ケーキ,kēki,甘いデザート,名詞,"デザート,お菓子",,"おやつ,甘いもの","ケーキ屋,誕生日ケーキ","美味しいケーキ,きれいなケーキ",생일에 케이크를 먹어요.,I eat cake on my birthday.,生日时吃蛋糕。,誕生日にケーキを食べます。
travel,transportation,basic,🚗,#2196F3,"casual,travel",description,자동차,ja-dong-cha,사람이나 물건을 운반하는 기계,명사,"차,승용차","도보,걸음","교통,운송","자동차길,자동차보험","새 자동차,빠른 자동차",car,/kɑːr/,vehicle for transporting people,noun,"automobile,vehicle","walking,foot","transport,travel","highway,car insurance","new car,fast car",汽车,qì chē,运送人或物的机器,名词,"车辆,轿车","步行,徒步","交通,运输","公路,汽车保险","新汽车,快汽车",自動車,jidōsha,人や物を運ぶ機械,名詞,"車,乗用車","徒歩,歩き","交通,運送","自動車道,自動車保険","新しい自動車,速い自動車",자동차로 여행을 가요.,I go on a trip by car.,开车去旅行。,自動車で旅行に行きます。
travel,accommodation,basic,🏨,#FF5722,"formal,travel",request,호텔,ho-tel,여행자가 머무는 곳,명사,"숙박시설,여관","집,가정","건물,시설","호텔방,호텔예약","좋은 호텔,고급 호텔",hotel,/hoʊˈtel/,place where travelers stay,noun,"accommodation,lodging","home,house","building,facility","hotel room,hotel reservation","good hotel,luxury hotel",酒店,jiǔ diàn,旅行者住宿的地方,名词,"宾馆,旅馆","家,住宅","建筑,设施","酒店房间,酒店预订","好酒店,豪华酒店",ホテル,hoteru,旅行者が泊まる場所,名詞,"宿泊施設,旅館","家,住宅","建物,施設","ホテルの部屋,ホテル予約","良いホテル,高級ホテル",호텔을 예약했어요.,I booked a hotel.,我预订了酒店。,ホテルを予約しました。
travel,sightseeing,basic,🏛️,#9C27B0,"casual,travel",description,관광,gwan-gwang,구경하며 즐기는 것,명사,"여행,구경","일,업무","활동,레저","관광지,관광객","즐거운 관광,해외 관광",sightseeing,/ˈsaɪtsiːɪŋ/,visiting interesting places,noun,"tourism,touring","work,business","activity,leisure","tourist spot,tourist","enjoyable sightseeing,overseas sightseeing",观光,guān guāng,参观游览,名词,"旅游,游览","工作,业务","活动,休闲","观光地,观光客","愉快观光,海外观光",観光,kankō,見物して楽しむこと,名詞,"旅行,見学","仕事,業務","活動,レジャー","観光地,観光客","楽しい観光,海外観光",서울을 관광했어요.,I went sightseeing in Seoul.,我在首尔观光了。,ソウルを観光しました。
travel,booking,intermediate,📅,#FF9800,"formal,travel",request,예약,ye-yak,미리 약속하는 것,명사,"약속,신청","취소,해지","일정,계획","예약금,예약확인","호텔 예약,항공 예약",reservation,/ˌrezərˈveɪʃən/,booking in advance,noun,"booking,appointment","cancellation,withdrawal","schedule,plan","deposit,confirmation","hotel reservation,flight reservation",预订,yù dìng,提前预定,名词,"预约,订购","取消,解约","日程,计划","定金,预订确认","酒店预订,航班预订",予約,yoyaku,前もって約束すること,名詞,"約束,申し込み","キャンセル,解約","予定,計画","予約金,予約確認","ホテル予約,航空予約",식당을 예약하고 싶어요.,I want to make a restaurant reservation.,我想预订餐厅。,レストランを予約したいです。
travel,luggage,basic,🧳,#795548,"casual,travel",description,가방,ga-bang,물건을 넣어 나르는 것,명사,"짐,수하물","빈손,맨몸","용품,도구","가방끈,가방안","큰 가방,작은 가방",bag,/bæɡ/,container for carrying things,noun,"luggage,suitcase","empty hands,bare","item,tool","bag strap,inside bag","big bag,small bag",包,bāo,装东西的容器,名词,"行李,箱子","空手,赤手","物品,工具","包带,包内","大包,小包",鞄,kaban,物を入れて運ぶもの,名詞,"荷物,スーツケース","素手,何も持たない","用品,道具","かばんの紐,かばんの中","大きな鞄,小さな鞄",여행용 가방을 샀어요.,I bought a travel bag.,我买了旅行包。,旅行用のかばんを買いました。
travel,direction,basic,🧭,#4CAF50,"casual,travel",question,길,gil,사람이나 차가 다니는 곳,명사,"도로,거리","막힘,차단","방향,경로","길가,길찾기","넓은 길,좁은 길",road,/roʊd/,path for people or cars,noun,"street,path","blockage,barrier","direction,route","roadside,navigation","wide road,narrow road",路,lù,人或车行走的地方,名词,"道路,街道","堵塞,阻挡","方向,路线","路边,导航","宽路,窄路",道,michi,人や車が通るところ,名詞,"道路,街","詰まり,遮断","方向,ルート","道端,道案内","広い道,狭い道",이 길로 가면 돼요?,Can I go this way?,走这条路可以吗？,この道で行けますか？
travel,emergency,advanced,🚨,#F44336,"urgent,travel",request,응급,eung-geup,급하고 위험한 상황,명사,"긴급,위급","안전,평상","상황,사태","응급실,응급처치","응급 상황,응급 전화",emergency,/ɪˈmɜːrdʒənsi/,urgent dangerous situation,noun,"crisis,urgent","safety,normal","situation,condition","emergency room,first aid","emergency situation,emergency call",紧急,jǐn jí,急迫危险的情况,名词,"危急,紧迫","安全,正常","情况,状态","急诊室,急救","紧急情况,紧急电话",緊急,kinkyū,急で危険な状況,名詞,"危急,急迫","安全,普通","状況,事態","救急室,応急処置","緊急事態,緊急電話",응급실에 가야 해요.,I need to go to the emergency room.,我需要去急诊室。,救急室に行かなければなりません。
travel,documents,intermediate,📄,#607D8B,"formal,travel",description,여권,yeo-gwon,외국 여행할 때 필요한 서류,명사,"신분증,문서","국내,내국","서류,증명","여권사진,여권신청","새 여권,유효한 여권",passport,/ˈpæspɔːrt/,document needed for international travel,noun,"ID,documentation","domestic,local","document,proof","passport photo,passport application","new passport,valid passport",护照,hù zhào,出国旅行需要的证件,名词,"身份证,文件","国内,本国","证件,证明","护照照片,护照申请","新护照,有效护照",パスポート,pasupōto,外国旅行に必要な書類,名詞,"身分証,書類","国内,国内","書類,証明","パスポート写真,パスポート申請","新しいパスポート,有効なパスポート",여권을 잊지 마세요.,Don't forget your passport.,别忘了护照。,パスポートを忘れないでください。
travel,currency,intermediate,💱,#4CAF50,"formal,travel",request,환전,hwan-jeon,돈을 다른 나라 돈으로 바꾸는 것,명사,"교환,바꿈","그대로,유지","금융,거래","환전소,환율","달러 환전,원화 환전",exchange,/ɪksˈtʃeɪndʒ/,changing money to another currency,noun,"conversion,swap","keeping,maintaining","finance,transaction","exchange office,exchange rate","dollar exchange,won exchange",兑换,duì huàn,把钱换成其他国家的钱,名词,"交换,更换","保持,维持","金融,交易","兑换处,汇率","美元兑换,人民币兑换",両替,ryōgae,お金を他の国のお金に変えること,名詞,"交換,変更","そのまま,維持","金融,取引","両替所,為替レート","ドル両替,円両替",공항에서 환전했어요.,I exchanged money at the airport.,我在机场兑换了钱。,空港で両替しました。
travel,activity,basic,🏊,#00BCD4,"casual,travel",description,수영,su-yeong,물에서 하는 운동,명사,"헤엄,물놀이","육상,땅","운동,활동","수영장,수영복","자유 수영,배영",swimming,/ˈswɪmɪŋ/,sport done in water,noun,"aquatic sport,stroke","land,ground","exercise,activity","swimming pool,swimsuit","freestyle swimming,backstroke",游泳,yóu yǒng,在水中进行的运动,名词,"游水,水上运动","陆地,地面","运动,活动","游泳池,泳衣","自由泳,仰泳",水泳,suiei,水の中でする運動,名詞,"泳ぎ,水中運動","陸上,地面","運動,活動","プール,水着","自由形,背泳ぎ",바다에서 수영했어요.,I swam in the sea.,我在海里游泳了。,海で泳ぎました。
business,meeting,intermediate,👥,#2196F3,"formal,work",instruction,발표,bal-pyo,많은 사람 앞에서 말하는 것,명사,"프레젠테이션,보고","질문,청취","활동,업무","발표자료,발표시간","중요한 발표,성공적인 발표",presentation,/ˌprezənˈteɪʃən/,speaking in front of many people,noun,"speech,report","question,listening","activity,work","presentation material,presentation time","important presentation,successful presentation",发表,fā biǎo,在很多人面前讲话,名词,"演讲,报告","提问,听取","活动,工作","发表资料,发表时间","重要发表,成功发表",発表,happyō,多くの人の前で話すこと,名詞,"プレゼンテーション,報告","質問,聞くこと","活動,仕事","発表資料,発表時間","重要な発表,成功した発表",내일 발표가 있어요.,I have a presentation tomorrow.,明天有发表。,明日発表があります。
business,finance,advanced,💰,#4CAF50,"formal,work",description,투자,tu-ja,돈을 넣어서 이익을 얻으려는 것,명사,"자본,자금","소비,지출","경제,금융","투자자,투자금","안전한 투자,위험한 투자",investment,/ɪnˈvestmənt/,putting money to gain profit,noun,"capital,funding","spending,expense","economy,finance","investor,investment money","safe investment,risky investment",投资,tóu zī,投入资金获取利益,名词,"资本,资金","消费,支出","经济,金融","投资者,投资金","安全投资,风险投资",投資,tōshi,お金を入れて利益を得ようとすること,名詞,"資本,資金","消費,支出","経済,金融","投資家,投資金","安全な投資,危険な投資",주식에 투자했어요.,I invested in stocks.,我投资了股票。,株式に投資しました。
business,marketing,intermediate,📊,#FF9800,"formal,work",instruction,광고,gwang-go,상품을 알리는 것,명사,"홍보,마케팅","숨김,비밀","활동,업무","광고비,광고효과","효과적인 광고,창의적인 광고",advertisement,/ˈædvərtaɪzmənt/,promoting products,noun,"promotion,marketing","hiding,secret","activity,work","advertising cost,advertising effect","effective advertisement,creative advertisement",广告,guǎng gào,宣传产品,名词,"宣传,营销","隐藏,秘密","活动,工作","广告费,广告效果","有效广告,创意广告",広告,kōkoku,商品を知らせること,名詞,"宣伝,マーケティング","隠すこと,秘密","活動,仕事","広告費,広告効果","効果的な広告,創造的な広告",텔레비전 광고를 봤어요.,I saw a TV advertisement.,我看了电视广告。,テレビ広告を見ました。
business,office,basic,🏢,#607D8B,"formal,work",description,사무실,sa-mu-sil,일하는 곳,명사,"오피스,직장","집,가정","장소,공간","사무용품,사무직","넓은 사무실,새 사무실",office,/ˈɔːfɪs/,place where people work,noun,"workplace,bureau","home,house","place,space","office supplies,office job","spacious office,new office",办公室,bàn gōng shì,工作的地方,名词,"办公场所,职场","家,住宅","地方,空间","办公用品,办公工作","宽敞办公室,新办公室",事務所,jimusho,働く場所,名詞,"オフィス,職場","家,住宅","場所,空間","事務用品,事務職","広い事務所,新しい事務所",사무실에서 일해요.,I work in an office.,我在办公室工作。,事務所で働きます。
business,project,intermediate,📋,#9C27B0,"formal,work",instruction,계획,gye-hoek,미리 생각해서 정하는 것,명사,"기획,설계","즉흥,무계획","준비,계획","계획서,계획안","좋은 계획,세부 계획",plan,/plæn/,something decided in advance,noun,"scheme,design","improvisation,spontaneous","preparation,planning","plan document,plan proposal","good plan,detailed plan",计划,jì huà,提前考虑决定的事情,名词,"规划,设计","即兴,无计划","准备,计划","计划书,计划案","好计划,详细计划",計画,keikaku,前もって考えて決めること,名詞,"企画,設計","即興,無計画","準備,プランニング","計画書,計画案","良い計画,詳細な計画",여행 계획을 세웠어요.,I made a travel plan.,我制定了旅行计划。,旅行の計画を立てました。
business,negotiation,advanced,🤝,#FF5722,"formal,work",request,협상,hyeop-sang,서로 의견을 맞추는 것,명사,"교섭,조정","대립,갈등","과정,활동","협상테이블,협상력","성공적인 협상,어려운 협상",negotiation,/nɪˌɡoʊʃiˈeɪʃən/,discussing to reach agreement,noun,"bargaining,discussion","conflict,disagreement","process,activity","negotiation table,negotiation power","successful negotiation,difficult negotiation",谈判,tán pàn,相互协调意见,名词,"协商,调解","对立,冲突","过程,活动","谈判桌,谈判力","成功谈判,困难谈判",交渉,kōshō,お互いに意見を合わせること,名詞,"協議,調整","対立,対立","過程,活動","交渉テーブル,交渉力","成功した交渉,困難な交渉",가격 협상을 했어요.,I negotiated the price.,我谈判了价格。,価格交渉をしました。
business,sales,basic,💼,#795548,"formal,work",description,판매,pan-mae,물건을 파는 것,명사,"영업,세일즈","구매,구입","활동,업무","판매원,판매량","온라인 판매,직접 판매",sales,/seɪlz/,selling things,noun,"selling,commerce","buying,purchase","activity,work","salesperson,sales volume","online sales,direct sales",销售,xiāo shòu,卖东西,名词,"营业,销售","购买,采购","活动,工作","销售员,销售量","在线销售,直接销售",販売,hanbai,物を売ること,名詞,"営業,セールス","購入,買い物","活動,仕事","販売員,販売量","オンライン販売,直接販売",이 제품을 판매해요.,I sell this product.,我销售这个产品。,この製品を販売します。
business,strategy,advanced,🎯,#E91E63,"formal,work",instruction,전략,jeon-ryak,목표를 달성하는 방법,명사,"계획,방안","무계획,즉흥","방법,수단","전략적,전략가","효과적인 전략,새로운 전략",strategy,/ˈstrætədʒi/,method to achieve goals,noun,"plan,approach","randomness,improvisation","method,means","strategic,strategist","effective strategy,new strategy",战略,zhàn lüè,实现目标的方法,名词,"计划,方案","无计划,即兴","方法,手段","战略性,战略家","有效战略,新战略",戦略,senryaku,目標を達成する方法,名詞,"計画,方案","無計画,即興","方法,手段","戦略的,戦略家","効果的な戦略,新しい戦略",마케팅 전략을 세웠어요.,I developed a marketing strategy.,我制定了营销战略。,マーケティング戦略を立てました。
education,teaching,intermediate,👨‍🏫,#FF9800,"formal,school",instruction,선생님,seon-saeng-nim,학생을 가르치는 사람,명사,"교사,교수","학생,제자","직업,역할","선생님께,교실","좋은 선생님,엄격한 선생님",teacher,/ˈtiːtʃər/,person who teaches students,noun,"instructor,educator","student,pupil","profession,role","to teacher,classroom","good teacher,strict teacher",老师,lǎo shī,教学生的人,名词,"教师,教授","学生,弟子","职业,角色","给老师,教室","好老师,严格老师",先生,sensei,学生を教える人,名詞,"教師,教授","学生,弟子","職業,役割","先生に,教室","良い先生,厳しい先生",선생님이 수업을 해요.,The teacher is teaching a class.,老师在上课。,先生が授業をします。
education,learning,basic,📖,#4CAF50,"casual,school",instruction,책,chaek,글이 적힌 종이를 묶은 것,명사,"서적,도서","영상,음성","물건,자료","책장,책상","좋은 책,재미있는 책",book,/bʊk/,pages with writing bound together,noun,"publication,volume","video,audio","item,material","bookshelf,desk","good book,interesting book",书,shū,写有文字的纸张装订成册,名词,"书籍,图书","视频,音频","物品,资料","书架,书桌","好书,有趣的书",本,hon,文字が書かれた紙を綴じたもの,名詞,"書籍,図書","映像,音声","物,資料","本棚,机","良い本,面白い本",책을 읽고 있어요.,I am reading a book.,我在读书。,本を読んでいます。
education,school,basic,🏫,#2196F3,"formal,school",description,학교,hak-gyo,학생들이 공부하는 곳,명사,"교육기관,학원","집,가정","장소,기관","학교생활,학교친구","좋은 학교,새로운 학교",school,/skuːl/,place where students study,noun,"educational institution,academy","home,house","place,institution","school life,school friend","good school,new school",学校,xué xiào,学生学习的地方,名词,"教育机构,学院","家,住宅","地方,机构","学校生活,学校朋友","好学校,新学校",学校,gakkō,学生が勉強する場所,名詞,"教育機関,学院","家,住宅","場所,機関","学校生活,学校の友達","良い学校,新しい学校",학교에 가요.,I go to school.,我去学校。,学校に行きます。
education,exam,intermediate,📝,#FF5722,"formal,school",description,시험,si-heom,실력을 확인하는 것,명사,"테스트,평가","연습,복습","활동,과정","시험지,시험공부","어려운 시험,중요한 시험",exam,/ɪɡˈzæm/,test to check ability,noun,"test,assessment","practice,review","activity,process","exam paper,exam study","difficult exam,important exam",考试,kǎo shì,检查能力的测试,名词,"测试,评估","练习,复习","活动,过程","考试卷,考试学习","困难考试,重要考试",試験,shiken,実力を確認すること,名詞,"テスト,評価","練習,復習","活動,過程","試験用紙,試験勉強","難しい試験,重要な試験",내일 시험이 있어요.,I have an exam tomorrow.,明天有考试。,明日試験があります。
education,classroom,basic,🏫,#9C27B0,"formal,school",description,교실,gyo-sil,학생들이 수업을 받는 방,명사,"강의실,학습실","운동장,복도","장소,공간","교실문,교실안","넓은 교실,작은 교실",classroom,/ˈklæsruːm/,room where students have lessons,noun,"lecture room,study room","playground,hallway","place,space","classroom door,inside classroom","spacious classroom,small classroom",教室,jiào shì,学生上课的房间,名词,"讲堂,学习室","操场,走廊","地方,空间","教室门,教室里","宽敞教室,小教室",教室,kyōshitsu,学生が授業を受ける部屋,名詞,"講義室,学習室","運動場,廊下","場所,空間","教室のドア,教室の中","広い教室,小さい教室",교실에서 공부해요.,I study in the classroom.,我在教室学习。,教室で勉強します。
education,library,intermediate,📚,#795548,"formal,school",description,도서관,do-seo-gwan,책을 빌려주는 곳,명사,"서재,문고","서점,판매점","장소,시설","도서관카드,도서관책","큰 도서관,조용한 도서관",library,/ˈlaɪbreri/,place that lends books,noun,"archive,collection","bookstore,shop","place,facility","library card,library book","big library,quiet library",图书馆,tú shū guǎn,借书的地方,名词,"书库,藏书室","书店,商店","地方,设施","图书证,图书馆书","大图书馆,安静图书馆",図書館,toshokan,本を貸してくれる場所,名詞,"書庫,文庫","本屋,店","場所,施設","図書カード,図書館の本","大きい図書館,静かな図書館",도서관에서 책을 빌렸어요.,I borrowed a book from the library.,我从图书馆借了书。,図書館で本を借りました。
education,university,advanced,🎓,#E91E63,"formal,school",description,대학교,dae-hak-gyo,고등교육을 하는 곳,명사,"대학,고등학교","초등학교,중학교","교육기관,학교","대학생,대학원","좋은 대학교,유명한 대학교",university,/ˌjuːnɪˈvɜːrsəti/,place for higher education,noun,"college,higher education","elementary school,middle school","educational institution,school","university student,graduate school","good university,famous university",大学,dà xué,进行高等教育的地方,名词,"高校,学院","小学,中学","教育机构,学校","大学生,研究生院","好大学,著名大学",大学,daigaku,高等教育をする場所,名詞,"大学校,高等教育","小学校,中学校","教育機関,学校","大学生,大学院","良い大学,有名な大学",대학교에 다녀요.,I attend university.,我上大学。,大学に通います。
education,graduation,intermediate,🎓,#4CAF50,"formal,school",description,졸업,jol-eop,학교를 마치는 것,명사,"수료,완료","입학,시작","과정,행사","졸업식,졸업장","고등학교 졸업,대학 졸업",graduation,/ˌɡrædʒuˈeɪʃən/,finishing school,noun,"completion,finish","enrollment,beginning","process,event","graduation ceremony,diploma","high school graduation,college graduation",毕业,bì yè,完成学业,名词,"完成,结束","入学,开始","过程,活动","毕业典礼,毕业证","高中毕业,大学毕业",卒業,sotsugyō,学校を終えること,名詞,"修了,完了","入学,始まり","過程,行事","卒業式,卒業証書","高校卒業,大学卒業",내년에 졸업해요.,I graduate next year.,我明年毕业。,来年卒業します。
nature,animal,basic,🐕,#FF9800,"casual,home",description,개,gae,사람과 함께 사는 동물,명사,"강아지,멍멍이","고양이,새","동물,애완동물","개집,개밥","귀여운 개,큰 개",dog,/dɔːɡ/,animal that lives with people,noun,"puppy,canine","cat,bird","animal,pet","doghouse,dog food","cute dog,big dog",狗,gǒu,与人类一起生活的动物,名词,"小狗,犬","猫,鸟","动物,宠物","狗屋,狗粮","可爱的狗,大狗",犬,inu,人と一緒に住む動物,名詞,"子犬,わんちゃん","猫,鳥","動物,ペット","犬小屋,ドッグフード","可愛い犬,大きい犬",우리 집에 개가 있어요.,We have a dog at home.,我家有一只狗。,うちに犬がいます。
nature,plant,basic,🌸,#E91E63,"casual,home",description,꽃,kkot,예쁘고 향기로운 식물,명사,"화초,꽃잎","나무,풀","식물,자연","꽃집,꽃병","예쁜 꽃,향기로운 꽃",flower,/ˈflaʊər/,beautiful fragrant plant,noun,"blossom,bloom","tree,grass","plant,nature","flower shop,vase","beautiful flower,fragrant flower",花,huā,美丽芳香的植物,名词,"花朵,花瓣","树,草","植物,自然","花店,花瓶","美丽的花,芳香的花",花,hana,きれいで香りの良い植物,名詞,"花びら,開花","木,草","植物,自然","花屋,花瓶","きれいな花,香りの良い花",정원에 꽃이 피었어요.,Flowers bloomed in the garden.,花园里开花了。,庭に花が咲きました。
nature,weather,basic,☀️,#FFC107,"casual,daily",description,날씨,nal-ssi,하늘의 상태,명사,"기후,기상","실내,건물","상태,환경","날씨예보,일기예보","좋은 날씨,나쁜 날씨",weather,/ˈweðər/,condition of the sky,noun,"climate,atmospheric","indoor,building","condition,environment","weather forecast,weather report","good weather,bad weather",天气,tiān qì,天空的状态,名词,"气候,气象","室内,建筑","状态,环境","天气预报,气象报告","好天气,坏天气",天気,tenki,空の状態,名詞,"気候,気象","室内,建物","状態,環境","天気予報,気象予報","良い天気,悪い天気",오늘 날씨가 좋아요.,The weather is nice today.,今天天气很好。,今日は天気が良いです。
nature,geography,intermediate,🏔️,#795548,"formal,school",description,산,san,높이 솟은 땅,명사,"높은 곳,언덕","평지,바다","지형,자연","산길,산꼭대기","높은 산,아름다운 산",mountain,/ˈmaʊntən/,high land,noun,"peak,hill","plain,sea","terrain,nature","mountain path,mountaintop","high mountain,beautiful mountain",山,shān,高耸的土地,名词,"高地,山丘","平地,海洋","地形,自然","山路,山顶","高山,美丽的山",山,yama,高くそびえる土地,名詞,"高い所,丘","平地,海","地形,自然","山道,山頂","高い山,美しい山",산에 올라갔어요.,I climbed the mountain.,我爬山了。,山に登りました。
nature,environment,advanced,🌍,#4CAF50,"formal,school",description,환경,hwan-gyeong,주변의 조건이나 상태,명사,"자연,생태","오염,파괴","상태,조건","환경보호,환경문제","좋은 환경,깨끗한 환경",environment,/ɪnˈvaɪrənmənt/,surrounding conditions,noun,"nature,ecology","pollution,destruction","condition,state","environmental protection,environmental problem","good environment,clean environment",环境,huán jìng,周围的条件或状态,名词,"自然,生态","污染,破坏","状态,条件","环保,环境问题","好环境,清洁环境",環境,kankyō,周りの条件や状態,名詞,"自然,生態","汚染,破壊","状態,条件","環境保護,環境問題","良い環境,きれいな環境",환경을 보호해야 해요.,We need to protect the environment.,我们需要保护环境。,環境を保護しなければなりません。
nature,conservation,advanced,♻️,#4CAF50,"formal,social",instruction,보호,bo-ho,지키고 돌보는 것,명사,"보존,관리","파괴,방치","활동,행위","자연보호,환경보호","동물 보호,자연 보호",protection,/prəˈtekʃən/,keeping and caring for,noun,"conservation,preservation","destruction,neglect","activity,action","nature protection,environmental protection","animal protection,nature protection",保护,bǎo hù,保护和照顾,名词,"保存,管理","破坏,忽视","活动,行为","自然保护,环境保护","动物保护,自然保护",保護,hogo,守り世話すること,名詞,"保存,管理","破壊,放置","活動,行為","自然保護,環境保護","動物保護,自然保護",자연을 보호해야 해요.,We must protect nature.,我们必须保护自然。,自然を保護しなければなりません。
nature,forest,basic,🌲,#4CAF50,"casual,travel",description,숲,sup,나무가 많이 자라는 곳,명사,"산림,삼림","사막,도시","자연,장소","숲길,숲속","깊은 숲,울창한 숲",forest,/ˈfɔːrɪst/,place with many trees,noun,"woods,woodland","desert,city","nature,place","forest path,inside forest","deep forest,dense forest",森林,sēn lín,长满树木的地方,名词,"树林,林地","沙漠,城市","自然,地方","森林小径,森林里","深森林,茂密森林",森,mori,木がたくさん生えている場所,名詞,"森林,林","砂漠,都市","自然,場所","森の道,森の中","深い森,うっそうとした森",숲에서 산책했어요.,I took a walk in the forest.,我在森林里散步。,森で散歩しました。
technology,computer,basic,💻,#2196F3,"casual,work",description,노트북,no-teu-buk,들고 다닐 수 있는 컴퓨터,명사,"랩톱,포터블","데스크톱,고정형","기기,장치","노트북가방,노트북충전기","새 노트북,가벼운 노트북",laptop,/ˈlæptɑːp/,portable computer,noun,"notebook,portable","desktop,stationary","device,equipment","laptop bag,laptop charger","new laptop,light laptop",笔记本电脑,bǐ jì běn diàn nǎo,可以携带的电脑,名词,"便携电脑,手提电脑","台式机,固定式","设备,装置","笔记本包,笔记本充电器","新笔记本,轻便笔记本",ノートパソコン,nōto pasokon,持ち運べるコンピュータ,名詞,"ラップトップ,ポータブル","デスクトップ,固定型","機器,装置","ノートパソコンバッグ,充電器","新しいノートパソコン,軽いノートパソコン",노트북으로 일해요.,I work with a laptop.,我用笔记本电脑工作。,ノートパソコンで仕事をします。
technology,internet,basic,🌐,#00BCD4,"casual,work",description,인터넷,in-teo-net,전 세계가 연결된 통신망,명사,"네트워크,웹","오프라인,단절","시스템,통신","인터넷카페,인터넷쇼핑","빠른 인터넷,무선 인터넷",internet,/ˈɪntərnet/,worldwide communication network,noun,"network,web","offline,disconnected","system,communication","internet cafe,internet shopping","fast internet,wireless internet",互联网,hù lián wǎng,全世界连接的通信网,名词,"网络,网页","离线,断开","系统,通信","网吧,网购","快速互联网,无线互联网",インターネット,intānetto,全世界がつながった通信網,名詞,"ネットワーク,ウェブ","オフライン,切断","システム,通信","インターネットカフェ,ネットショッピング","速いインターネット,無線インターネット",인터넷으로 정보를 찾아요.,I search for information on the internet.,我在互联网上查找信息。,インターネットで情報を探します。
technology,mobile,basic,📱,#FF9800,"casual,daily",description,핸드폰,haen-deu-pon,손에 들고 다니는 전화기,명사,"휴대폰,스마트폰","유선전화,집전화","기기,장치","핸드폰케이스,핸드폰충전기","새 핸드폰,스마트 핸드폰",phone,/foʊn/,portable telephone,noun,"mobile phone,smartphone","landline,home phone","device,gadget","phone case,phone charger","new phone,smart phone",手机,shǒu jī,手持电话,名词,"移动电话,智能手机","固定电话,家庭电话","设备,装置","手机壳,手机充电器","新手机,智能手机",携帯電話,keitai denwa,手に持って持ち歩く電話,名詞,"携帯,スマートフォン","固定電話,家の電話","機器,装置","携帯ケース,携帯充電器","新しい携帯,スマート携帯",핸드폰을 잃어버렸어요.,I lost my phone.,我丢了手机。,携帯電話をなくしました。
technology,software,intermediate,📱,#9C27B0,"casual,work",description,앱,aep,스마트폰에서 쓰는 프로그램,명사,"애플리케이션,프로그램","하드웨어,기계","소프트웨어,도구","앱스토어,앱다운로드","유용한 앱,새로운 앱",app,/æp/,program used on smartphones,noun,"application,program","hardware,machine","software,tool","app store,app download","useful app,new app",应用程序,yìng yòng chéng xù,智能手机上使用的程序,名词,"应用,程序","硬件,机器","软件,工具","应用商店,应用下载","有用应用,新应用",アプリ,apuri,スマートフォンで使うプログラム,名詞,"アプリケーション,プログラム","ハードウェア,機械","ソフトウェア,ツール","アプリストア,アプリダウンロード","便利なアプリ,新しいアプリ",유용한 앱을 다운로드했어요.,I downloaded a useful app.,我下载了一个有用的应用。,便利なアプリをダウンロードしました。
technology,ai,advanced,🤖,#FF5722,"formal,work",description,인공지능,in-gong-ji-neung,사람처럼 생각하는 기계,명사,"AI,로봇","인간,사람","기술,시스템","인공지능기술,AI개발","고급 인공지능,스마트 AI",AI,/eɪ aɪ/,machine that thinks like humans,noun,"artificial intelligence,robot","human,person","technology,system","AI technology,AI development","advanced AI,smart AI",人工智能,rén gōng zhì néng,像人类一样思考的机器,名词,"AI,机器人","人类,人","技术,系统","人工智能技术,AI开发","高级人工智能,智能AI",人工知能,jinkō chinō,人のように考える機械,名詞,"AI,ロボット","人間,人","技術,システム","人工知能技術,AI開発","高度な人工知能,スマートAI",인공지능이 발전하고 있어요.,AI is developing.,人工智能正在发展。,人工知能が発展しています。
technology,programming,advanced,💻,#607D8B,"formal,work",instruction,프로그래밍,peu-ro-geu-rae-ming,컴퓨터 프로그램을 만드는 것,명사,"코딩,개발","사용,운영","기술,활동","프로그래머,코드","웹 프로그래밍,앱 개발",programming,/ˈproʊɡræmɪŋ/,creating computer programs,noun,"coding,development","using,operating","skill,activity","programmer,code","web programming,app development",编程,biān chéng,制作计算机程序,名词,"编码,开发","使用,运营","技术,活动","程序员,代码","网页编程,应用开发",プログラミング,puroguramingu,コンピュータプログラムを作ること,名詞,"コーディング,開発","使用,運営","技術,活動","プログラマー,コード","ウェブプログラミング,アプリ開発",프로그래밍을 배우고 있어요.,I am learning programming.,我在学习编程。,プログラミングを習っています。
technology,gaming,basic,🎮,#E91E63,"casual,home",description,게임,ge-im,재미로 하는 놀이,명사,"놀이,오락","일,공부","활동,취미","게임기,게임방","재미있는 게임,새로운 게임",game,/ɡeɪm/,play activity for fun,noun,"play,entertainment","work,study","activity,hobby","game console,game room","fun game,new game",游戏,yóu xì,为了娱乐而进行的活动,名词,"娱乐,玩耍","工作,学习","活动,爱好","游戏机,游戏厅","有趣游戏,新游戏",ゲーム,gēmu,楽しみのためにする遊び,名詞,"遊び,娯楽","仕事,勉強","活動,趣味","ゲーム機,ゲームセンター","面白いゲーム,新しいゲーム",친구와 게임을 해요.,I play games with friends.,我和朋友玩游戏。,友達とゲームをします。
technology,social_media,intermediate,📱,#00BCD4,"casual,social",description,SNS,es-en-es,사람들과 소통하는 온라인 서비스,명사,"소셜미디어,네트워킹","오프라인,직접만남","서비스,플랫폼","SNS계정,SNS친구","인기 SNS,새로운 SNS",social media,/ˈsoʊʃəl ˈmiːdiə/,online service for communication,noun,"social networking,platform","offline,face-to-face","service,platform","social media account,social media friend","popular social media,new social media",社交媒体,shè jiāo méi tǐ,人们交流的在线服务,名词,"社交网络,平台","线下,面对面","服务,平台","社交媒体账户,社交媒体朋友","流行社交媒体,新社交媒体",SNS,esu-enu-esu,人々とコミュニケーションするオンラインサービス,名詞,"ソーシャルメディア,ネットワーキング","オフライン,直接会うこと","サービス,プラットフォーム","SNSアカウント,SNS友達","人気SNS,新しいSNS",SNS로 친구들과 연락해요.,I contact friends through social media.,我通过社交媒体联系朋友。,SNSで友達と連絡します。
health,exercise,basic,🏃,#4CAF50,"casual,home",instruction,달리기,dal-li-gi,빠르게 뛰는 것,명사,"조깅,러닝","걷기,정지","운동,활동","달리기코스,마라톤","아침 달리기,건강한 달리기",running,/ˈrʌnɪŋ/,moving fast on foot,noun,"jogging,sprint","walking,stopping","exercise,activity","running course,marathon","morning running,healthy running",跑步,pǎo bù,快速奔跑,名词,"慢跑,赛跑","走路,停止","运动,活动","跑步路线,马拉松","晨跑,健康跑步",走る,hashiru,速く走ること,名詞,"ジョギング,ランニング","歩く,止まる","運動,活動","ランニングコース,マラソン","朝のランニング,健康的なランニング",매일 아침 달리기를 해요.,I run every morning.,我每天早上跑步。,毎朝走ります。
health,medicine,intermediate,💊,#FF5722,"formal,medical",description,약,yak,병을 고치는 물질,명사,"의약품,치료제","독,해로운것","물질,치료","약국,약사","좋은 약,효과적인 약",medicine,/ˈmedəsən/,substance that cures illness,noun,"medication,drug","poison,harmful","substance,treatment","pharmacy,pharmacist","good medicine,effective medicine",药,yào,治疗疾病的物质,名词,"药品,药物","毒,有害物","物质,治疗","药店,药师","好药,有效药",薬,kusuri,病気を治す物質,名詞,"医薬品,治療薬","毒,害のあるもの","物質,治療","薬局,薬剤師","良い薬,効果的な薬",감기약을 먹었어요.,I took cold medicine.,我吃了感冒药。,風邪薬を飲みました。
health,nutrition,intermediate,🥗,#4CAF50,"casual,home",instruction,건강,geon-gang,몸과 마음이 좋은 상태,명사,"건강함,웰빙","질병,아픔","상태,조건","건강관리,건강식품","좋은 건강,완전한 건강",health,/helθ/,good condition of body and mind,noun,"wellness,fitness","illness,sickness","condition,state","health care,health food","good health,perfect health",健康,jiàn kāng,身心良好的状态,名词,"健康状态,保健","疾病,痛苦","状态,条件","健康管理,健康食品","良好健康,完美健康",健康,kenkō,体と心が良い状態,名詞,"健康状態,ウェルネス","病気,痛み","状態,条件","健康管理,健康食品","良い健康,完璧な健康",건강이 가장 중요해요.,Health is most important.,健康最重要。,健康が一番大切です。
health,hospital,basic,🏥,#FF5722,"formal,medical",request,병원,byeong-won,아픈 사람을 치료하는 곳,명사,"의료기관,치료소","집,가정","장소,시설","병원비,병원진료","큰 병원,좋은 병원",hospital,/ˈhɑːspɪtəl/,place that treats sick people,noun,"medical facility,clinic","home,house","place,facility","hospital bill,hospital treatment","big hospital,good hospital",医院,yī yuàn,治疗病人的地方,名词,"医疗机构,诊所","家,住宅","地方,设施","医院费用,医院治疗","大医院,好医院",病院,byōin,病気の人を治療する場所,名詞,"医療機関,クリニック","家,住宅","場所,施設","病院代,病院診療","大きい病院,良い病院",병원에 가야 해요.,I need to go to the hospital.,我需要去医院。,病院に行かなければなりません。
health,diet,intermediate,🍎,#4CAF50,"casual,home",instruction,다이어트,da-i-eo-teu,체중을 줄이는 것,명사,"감량,체중조절","증량,살찌기","활동,관리","다이어트식품,운동","성공적인 다이어트,건강한 다이어트",diet,/ˈdaɪət/,reducing body weight,noun,"weight loss,slimming","weight gain,gaining","activity,management","diet food,exercise","successful diet,healthy diet",减肥,jiǎn féi,减少体重,名词,"减重,瘦身","增重,发胖","活动,管理","减肥食品,运动","成功减肥,健康减肥",ダイエット,daietto,体重を減らすこと,名詞,"減量,体重調節","増量,太ること","活動,管理","ダイエット食品,運動","成功したダイエット,健康的なダイエット",다이어트를 시작했어요.,I started a diet.,我开始减肥了。,ダイエットを始めました。
health,stress,advanced,😰,#FF5722,"casual,work",description,스트레스,seu-teu-re-seu,정신적 압박감,명사,"긴장,압박","편안함,안정","상태,감정","스트레스해소,스트레스관리","심한 스트레스,만성 스트레스",stress,/stres/,mental pressure,noun,"tension,pressure","comfort,relaxation","state,emotion","stress relief,stress management","severe stress,chronic stress",压力,yā lì,精神压迫感,名词,"紧张,压迫","舒适,安定","状态,情感","压力缓解,压力管理","严重压力,慢性压力",ストレス,sutoresu,精神的な圧迫感,名詞,"緊張,プレッシャー","安らぎ,安定","状態,感情","ストレス解消,ストレス管理","ひどいストレス,慢性ストレス",요즘 스트레스가 많아요.,I have a lot of stress these days.,最近压力很大。,最近ストレスが多いです。
health,sleep,basic,😴,#9C27B0,"casual,home",description,잠,jam,휴식을 위해 자는 것,명사,"수면,휴식","깨어있음,활동","상태,행위","잠자리,잠옷","깊은 잠,편안한 잠",sleep,/sliːp/,resting by sleeping,noun,"slumber,rest","wakefulness,activity","state,action","bed,pajamas","deep sleep,comfortable sleep",睡眠,shuì mián,为了休息而睡觉,名词,"睡觉,休息","清醒,活动","状态,行为","床铺,睡衣","深度睡眠,舒适睡眠",睡眠,suimin,休息のために寝ること,名詞,"眠り,休息","目覚めていること,活動","状態,行為","寝床,パジャマ","深い眠り,快適な睡眠",잠을 잘 못 잤어요.,I didn't sleep well.,我没睡好。,よく眠れませんでした。
sports,football,basic,⚽,#4CAF50,"casual,social",description,축구,chuk-gu,발로 공을 차는 운동,명사,"풋볼,사커","농구,야구","운동,스포츠","축구장,축구공","프로 축구,월드컵 축구",football,/ˈfʊtbɔːl/,sport played with feet and ball,noun,"soccer,ball game","basketball,baseball","sport,exercise","football field,football","professional football,World Cup football",足球,zú qiú,用脚踢球的运动,名词,"足球运动,球类","篮球,棒球","运动,体育","足球场,足球","职业足球,世界杯足球",サッカー,sakkā,足でボールを蹴るスポーツ,名詞,"フットボール,球技","バスケット,野球","運動,スポーツ","サッカー場,サッカーボール","プロサッカー,ワールドカップサッカー",친구들과 축구를 해요.,I play football with friends.,我和朋友踢足球。,友達とサッカーをします。
sports,basketball,basic,🏀,#FF9800,"casual,social",description,농구,nong-gu,손으로 공을 던지는 운동,명사,"바스켓볼,구기","축구,야구","운동,스포츠","농구장,농구공","프로 농구,NBA 농구",basketball,/ˈbæskɪtbɔːl/,sport played with hands and ball,noun,"ball game,hoops","football,baseball","sport,exercise","basketball court,basketball","professional basketball,NBA basketball",篮球,lán qiú,用手投球的运动,名词,"篮球运动,球类","足球,棒球","运动,体育","篮球场,篮球","职业篮球,NBA篮球",バスケットボール,basukettobōru,手でボールを投げるスポーツ,名詞,"バスケ,球技","サッカー,野球","運動,スポーツ","バスケットコート,バスケットボール","プロバスケ,NBAバスケ",농구를 잘해요.,I'm good at basketball.,我篮球打得好。,バスケットボールが上手です。
sports,swimming,basic,🏊,#00BCD4,"casual,health",instruction,수영,su-yeong,물에서 하는 운동,명사,"헤엄,물놀이","육상,땅","운동,활동","수영장,수영복","자유 수영,배영",swimming,/ˈswɪmɪŋ/,sport done in water,noun,"aquatic sport,stroke","land,ground","exercise,activity","swimming pool,swimsuit","freestyle swimming,backstroke",游泳,yóu yǒng,在水中进行的运动,名词,"游水,水上运动","陆地,地面","运动,活动","游泳池,泳衣","自由泳,仰泳",水泳,suiei,水の中でする運動,名詞,"泳ぎ,水中運動","陸上,地面","運動,活動","プール,水着","自由形,背泳ぎ",수영을 배우고 있어요.,I'm learning to swim.,我在学游泳。,水泳を習っています。
sports,tennis,intermediate,🎾,#4CAF50,"formal,social",description,테니스,te-ni-seu,라켓으로 공을 치는 운동,명사,"라켓스포츠,구기","축구,농구","운동,스포츠","테니스장,테니스라켓","프로 테니스,윔블던 테니스",tennis,/ˈtenɪs/,sport played with racket and ball,noun,"racket sport,ball game","football,basketball","sport,exercise","tennis court,tennis racket","professional tennis,Wimbledon tennis",网球,wǎng qiú,用球拍击球的运动,名词,"网球运动,球类","足球,篮球","运动,体育","网球场,网球拍","职业网球,温布尔登网球",テニス,tenisu,ラケットでボールを打つスポーツ,名詞,"ラケットスポーツ,球技","サッカー,バスケ","運動,スポーツ","テニスコート,テニスラケット","プロテニス,ウィンブルドンテニス",테니스를 치러 가요.,I'm going to play tennis.,我去打网球。,テニスをしに行きます。
sports,gym,intermediate,🏋️,#FF5722,"casual,health",instruction,헬스장,hel-seu-jang,운동기구가 있는 곳,명사,"체육관,피트니스","집,가정","장소,시설","헬스장회원,운동기구","좋은 헬스장,24시간 헬스장",gym,/dʒɪm/,place with exercise equipment,noun,"fitness center,health club","home,house","place,facility","gym membership,exercise equipment","good gym,24-hour gym",健身房,jiàn shēn fáng,有运动器械的地方,名词,"健身中心,体育馆","家,住宅","地方,设施","健身房会员,运动器械","好健身房,24小时健身房",ジム,jimu,運動器具がある場所,名詞,"フィットネス,体育館","家,住宅","場所,施設","ジム会員,運動器具","良いジム,24時間ジム",헬스장에서 운동해요.,I exercise at the gym.,我在健身房运动。,ジムで運動します。
sports,marathon,advanced,🏃,#4CAF50,"formal,health",description,마라톤,ma-ra-ton,42.195km를 뛰는 경기,명사,"장거리달리기,지구력","단거리,스프린트","경기,운동","마라톤대회,완주","풀 마라톤,하프 마라톤",marathon,/ˈmærəθən/,42.195km running race,noun,"long distance running,endurance","short distance,sprint","race,sport","marathon event,finish","full marathon,half marathon",马拉松,mǎ lā sōng,42.195公里的跑步比赛,名词,"长跑,耐力","短跑,冲刺","比赛,运动","马拉松赛事,完赛","全程马拉松,半程马拉松",マラソン,marason,42.195kmを走る競技,名詞,"長距離走,持久力","短距離,スプリント","競技,運動","マラソン大会,完走","フルマラソン,ハーフマラソン",마라톤에 참가했어요.,I participated in a marathon.,我参加了马拉松。,マラソンに参加しました。
sports,team,basic,👥,#2196F3,"casual,social",description,팀,tim,함께 경기하는 사람들,명사,"그룹,조","개인,혼자","집단,단체","팀워크,팀장","강한 팀,좋은 팀",team,/tiːm/,people who play together,noun,"group,squad","individual,alone","collective,unit","teamwork,team leader","strong team,good team",团队,tuán duì,一起比赛的人们,名词,"队伍,小组","个人,单独","集体,团体","团队合作,队长","强队,好队",チーム,chīmu,一緒に競技をする人たち,名詞,"グループ,組","個人,一人","集団,団体","チームワーク,チームリーダー","強いチーム,良いチーム",우리 팀이 이겼어요.,Our team won.,我们队赢了。,私たちのチームが勝ちました。
entertainment,movie,basic,🎬,#E91E63,"casual,social",description,영화,yeong-hwa,스크린으로 보는 이야기,명사,"필름,시네마","책,소설","매체,작품","영화관,영화표","재미있는 영화,새로운 영화",movie,/ˈmuːvi/,story shown on screen,noun,"film,cinema","book,novel","media,work","movie theater,movie ticket","interesting movie,new movie",电影,diàn yǐng,在屏幕上看的故事,名词,"影片,电影院","书,小说","媒体,作品","电影院,电影票","有趣电影,新电影",映画,eiga,スクリーンで見る物語,名詞,"フィルム,シネマ","本,小説","メディア,作品","映画館,映画チケット","面白い映画,新しい映画",어제 영화를 봤어요.,I watched a movie yesterday.,我昨天看了电影。,昨日映画を見ました。
entertainment,music,basic,🎵,#9C27B0,"casual,social",description,음악,eum-ak,소리로 만드는 예술,명사,"멜로디,곡","소음,잡음","예술,소리","음악가,악기","좋은 음악,클래식 음악",music,/ˈmjuːzɪk/,art made with sound,noun,"melody,song","noise,din","art,sound","musician,instrument","good music,classical music",音乐,yīn yuè,用声音创作的艺术,名词,"旋律,歌曲","噪音,杂音","艺术,声音","音乐家,乐器","好音乐,古典音乐",音楽,ongaku,音で作る芸術,名詞,"メロディー,曲","騒音,雑音","芸術,音","音楽家,楽器","良い音楽,クラシック音楽",음악을 들어요.,I listen to music.,我听音乐。,音楽を聞きます。
entertainment,concert,intermediate,🎤,#FF9800,"formal,social",description,콘서트,kon-seo-teu,음악 공연,명사,"공연,라이브","녹음,스튜디오","행사,이벤트","콘서트홀,티켓","클래식 콘서트,팝 콘서트",concert,/ˈkɑːnsərt/,musical performance,noun,"performance,live","recording,studio","event,show","concert hall,ticket","classical concert,pop concert",音乐会,yīn yuè huì,音乐演出,名词,"演出,现场","录音,录音室","活动,演出","音乐厅,票","古典音乐会,流行音乐会",コンサート,konsāto,音楽の公演,名詞,"公演,ライブ","録音,スタジオ","イベント,ショー","コンサートホール,チケット","クラシックコンサート,ポップコンサート",콘서트에 갔어요.,I went to a concert.,我去了音乐会。,コンサートに行きました。
entertainment,drama,intermediate,📺,#607D8B,"casual,home",description,드라마,deu-ra-ma,텔레비전 연속극,명사,"TV쇼,시리즈","영화,단편","프로그램,방송","드라마배우,에피소드","한국 드라마,로맨스 드라마",drama,/ˈdrɑːmə/,television series,noun,"TV show,series","movie,short","program,broadcast","drama actor,episode","Korean drama,romance drama",电视剧,diàn shì jù,电视连续剧,名词,"电视节目,系列","电影,短片","节目,广播","电视剧演员,集","韩剧,爱情剧",ドラマ,dorama,テレビの連続劇,名詞,"TVショー,シリーズ","映画,短編","番組,放送","ドラマ俳優,エピソード","韓国ドラマ,ロマンスドラマ",요즘 드라마를 봐요.,I watch dramas these days.,我最近看电视剧。,最近ドラマを見ます。
entertainment,book,basic,📖,#795548,"casual,home",description,소설,so-seol,꾸며서 쓴 이야기,명사,"픽션,문학","논픽션,사실","작품,글","소설가,장편","재미있는 소설,베스트셀러 소설",novel,/ˈnɑːvəl/,fictional story,noun,"fiction,literature","non-fiction,fact","work,writing","novelist,full-length","interesting novel,bestseller novel",小说,xiǎo shuō,虚构的故事,名词,"小说作品,文学","非小说,事实","作品,写作","小说家,长篇","有趣小说,畅销小说",小説,shōsetsu,作り話,名詞,"フィクション,文学","ノンフィクション,事実","作品,文章","小説家,長編","面白い小説,ベストセラー小説",소설을 읽는 것을 좋아해요.,I like reading novels.,我喜欢读小说。,小説を読むのが好きです。
entertainment,art,intermediate,🎨,#E91E63,"formal,cultural",description,미술,mi-sul,그림이나 조각 등의 예술,명사,"예술,아트","과학,기술","창작,표현","미술관,화가","현대 미술,전통 미술",art,/ɑːrt/,creative works like painting,noun,"fine arts,artwork","science,technology","creation,expression","art gallery,artist","modern art,traditional art",美术,měi shù,绘画雕塑等艺术,名词,"艺术,美术作品","科学,技术","创作,表达","美术馆,画家","现代美术,传统美术",美術,bijutsu,絵画や彫刻などの芸術,名詞,"芸術,アート","科学,技術","創作,表現","美術館,画家","現代美術,伝統美術",미술관에서 그림을 봤어요.,I saw paintings at the art museum.,我在美术馆看了画。,美術館で絵を見ました。
entertainment,theater,advanced,🎭,#9C27B0,"formal,cultural",description,연극,yeon-geuk,무대에서 하는 공연,명사,"극장,공연","영화,방송","예술,연기","연극배우,무대","뮤지컬 연극,클래식 연극",theater,/ˈθiːətər/,performance on stage,noun,"stage,play","movie,broadcast","art,acting","theater actor,stage","musical theater,classical theater",戏剧,xì jù,舞台上的演出,名词,"剧场,演出","电影,广播","艺术,表演","戏剧演员,舞台","音乐剧,古典戏剧",演劇,engeki,舞台での公演,名詞,"劇場,公演","映画,放送","芸術,演技","演劇俳優,舞台","ミュージカル演劇,クラシック演劇",연극을 보러 갔어요.,I went to see a play.,我去看了戏剧。,演劇を見に行きました。
culture,tradition,basic,🏮,#FF5722,"formal,cultural",description,문화,mun-hwa,한 민족의 생활 양식,명사,"전통,관습","자연,본능","양식,형태","문화재,문화센터","한국 문화,전통 문화",culture,/ˈkʌltʃər/,way of life of a people,noun,"tradition,custom","nature,instinct","style,form","cultural asset,cultural center","Korean culture,traditional culture",文化,wén huà,一个民族的生活方式,名词,"传统,习俗","自然,本能","样式,形态","文化遗产,文化中心","韩国文化,传统文化",文化,bunka,一つの民族の生活様式,名詞,"伝統,習慣","自然,本能","様式,形態","文化財,文化センター","韓国文化,伝統文化",한국 문화를 배우고 있어요.,I'm learning Korean culture.,我在学习韩国文化。,韓国文化を習っています。
culture,festival,basic,🎉,#FFC107,"casual,social",description,축제,chuk-je,기쁨을 나누는 행사,명사,"페스티벌,잔치","평일,일상","행사,이벤트","축제장,축제음식","전통 축제,음악 축제",festival,/ˈfestɪvəl/,celebration event,noun,"celebration,feast","weekday,ordinary","event,occasion","festival ground,festival food","traditional festival,music festival",节日,jié rì,庆祝的活动,名词,"庆典,宴会","平日,日常","活动,事件","节日场地,节日食物","传统节日,音乐节",祭り,matsuri,喜びを分かち合う行事,名詞,"フェスティバル,祭典","平日,日常","行事,イベント","祭り会場,祭り料理","伝統祭り,音楽祭",축제에 참가했어요.,I participated in a festival.,我参加了节日。,祭りに参加しました。
culture,religion,advanced,⛪,#9C27B0,"formal,spiritual",description,종교,jong-gyo,신을 믿는 체계,명사,"신앙,믿음","무신론,과학","체계,교리","종교인,교회","기독교,불교",religion,/rɪˈlɪdʒən/,system of believing in god,noun,"faith,belief","atheism,science","system,doctrine","religious person,church","Christianity,Buddhism",宗教,zōng jiào,信仰神的体系,名词,"信仰,信念","无神论,科学","体系,教义","宗教人士,教堂","基督教,佛教",宗教,shūkyō,神を信じる体系,名詞,"信仰,信念","無神論,科学","体系,教義","宗教者,教会","キリスト教,仏教",종교에 관심이 있어요.,I'm interested in religion.,我对宗教感兴趣。,宗教に興味があります。
culture,language,intermediate,🗣️,#4CAF50,"formal,educational",instruction,언어,eon-eo,말과 글의 체계,명사,"말,어학","침묵,무언","체계,소통","언어학,통역","외국 언어,모국어",language,/ˈlæŋɡwɪdʒ/,system of speech and writing,noun,"speech,linguistics","silence,mute","system,communication","linguistics,interpretation","foreign language,native language",语言,yǔ yán,说话和文字的体系,名词,"话语,语言学","沉默,无言","体系,交流","语言学,翻译","外语,母语",言語,gengo,話と文字の体系,名詞,"話,語学","沈黙,無言","体系,コミュニケーション","言語学,通訳","外国語,母語",새로운 언어를 배우고 있어요.,I'm learning a new language.,我在学习新语言。,新しい言語を習っています。
culture,history,intermediate,📜,#795548,"formal,educational",description,역사,yeok-sa,과거에 일어난 일들,명사,"과거,옛날","미래,현재","시간,기록","역사책,역사가","한국 역사,세계 역사",history,/ˈhɪstəri/,things that happened in the past,noun,"past,ancient","future,present","time,record","history book,historian","Korean history,world history",历史,lì shǐ,过去发生的事情,名词,"过去,古代","未来,现在","时间,记录","历史书,历史学家","韩国历史,世界历史",歴史,rekishi,過去に起こったこと,名詞,"過去,昔","未来,現在","時間,記録","歴史書,歴史家","韓国史,世界史",역사를 공부해요.,I study history.,我学习历史。,歴史を勉強します。
other,philosophy,advanced,🤔,#607D8B,"formal,academic",description,철학,cheol-hak,삶과 세상에 대한 깊은 생각,명사,"사상,사유","실용,실천","학문,사고","철학자,철학책","동양 철학,서양 철학",philosophy,/fɪˈlɑːsəfi/,deep thinking about life and world,noun,"thought,reasoning","practical,action","study,thinking","philosopher,philosophy book","Eastern philosophy,Western philosophy",哲学,zhé xué,对生活和世界的深入思考,名词,"思想,思维","实用,实践","学问,思考","哲学家,哲学书","东方哲学,西方哲学",哲学,tetsugaku,人生と世界についての深い考え,名詞,"思想,思考","実用,実践","学問,思考","哲学者,哲学書","東洋哲学,西洋哲学",철학에 관심이 많아요.,I'm very interested in philosophy.,我对哲学很感兴趣。,哲学にとても興味があります。
other,psychology,advanced,🧠,#E91E63,"formal,academic",description,심리학,sim-ri-hak,마음을 연구하는 학문,명사,"정신학,심리","물리학,화학","학문,연구","심리학자,상담","교육 심리학,임상 심리학",psychology,/saɪˈkɑːlədʒi/,study of the mind,noun,"mental study,psyche","physics,chemistry","study,research","psychologist,counseling","educational psychology,clinical psychology",心理学,xīn lǐ xué,研究心理的学问,名词,"心理研究,精神","物理学,化学","学问,研究","心理学家,咨询","教育心理学,临床心理学",心理学,shinrigaku,心を研究する学問,名詞,"精神学,心理","物理学,化学","学問,研究","心理学者,カウンセリング","教育心理学,臨床心理学",심리학을 전공했어요.,I majored in psychology.,我主修心理学。,心理学を専攻しました。
other,politics,advanced,🏛️,#2196F3,"formal,social",description,정치,jeong-chi,나라를 다스리는 일,명사,"정부,행정","개인,사적","활동,업무","정치인,선거","민주 정치,국제 정치",politics,/ˈpɑːlətɪks/,governing a country,noun,"government,administration","personal,private","activity,work","politician,election","democratic politics,international politics",政治,zhèng zhì,治理国家的事务,名词,"政府,行政","个人,私人","活动,工作","政治家,选举","民主政治,国际政治",政治,seiji,国を治めること,名詞,"政府,行政","個人,私的","活動,仕事","政治家,選挙","民主政治,国際政治",정치에 관심이 없어요.,I'm not interested in politics.,我对政治不感兴趣。,政治に興味がありません。
other,economics,advanced,💹,#4CAF50,"formal,academic",description,경제,gyeong-je,돈과 관련된 활동,명사,"경제학,재정","문화,예술","활동,체계","경제학자,시장","국가 경제,세계 경제",economics,/ˌiːkəˈnɑːmɪks/,activities related to money,noun,"economy,finance","culture,art","activity,system","economist,market","national economy,world economy",经济,jīng jì,与金钱相关的活动,名词,"经济学,财政","文化,艺术","活动,体系","经济学家,市场","国家经济,世界经济",経済,keizai,お金に関連する活動,名詞,"経済学,財政","文化,芸術","活動,体系","経済学者,市場","国家経済,世界経済",경제학을 공부해요.,I study economics.,我学习经济学。,経済学を勉強します。
other,science,intermediate,🔬,#00BCD4,"formal,academic",description,과학,gwa-hak,자연을 연구하는 학문,명사,"과학기술,연구","예술,문학","학문,지식","과학자,실험","자연 과학,응용 과학",science,/ˈsaɪəns/,study of nature,noun,"scientific technology,research","art,literature","study,knowledge","scientist,experiment","natural science,applied science",科学,kē xué,研究自然的学问,名词,"科学技术,研究","艺术,文学","学问,知识","科学家,实验","自然科学,应用科学",科学,kagaku,自然を研究する学問,名詞,"科学技術,研究","芸術,文学","学問,知識","科学者,実験","自然科学,応用科学",과학이 발전하고 있어요.,Science is advancing.,科学在发展。,科学が発展しています。
health,medicine,intermediate,💊,#FF5722,"formal,medical",description,약,yak,병을 고치는 물질,명사,"의약품,치료제","독,해로운것","물질,치료","약국,약사","좋은 약,효과적인 약",medicine,/ˈmedəsən/,substance that cures illness,noun,"medication,drug","poison,harmful","substance,treatment","pharmacy,pharmacist","good medicine,effective medicine",药,yào,治疗疾病的物质,名词,"药品,药物","毒,有害物","物质,治疗","药店,药师","好药,有效药",薬,kusuri,病気を治す物質,名詞,"医薬品,治療薬","毒,害のあるもの","物質,治療","薬局,薬剤師","良い薬,効果的な薬",감기약을 먹었어요.,I took cold medicine.,我吃了感冒药。,風邪薬を飲みました。 health,nutrition,intermediate,,#4CAF50,"casual,home",instruction,ǰ,geon-gang,   ,,"ǰ,",",",",","ǰ,ǰǰ"," ǰ, ǰ",health,/hel/,good condition of body and mind,noun,"wellness,fitness","illness,sickness","condition,state","health care,health food","good health,perfect health",ˬ,jian k?ng,??,٣?,"ˬ??,","ܻ,","??,?","ˬη,ˬ","ˬ,ڸˬ",ˬ,kenk?,?ު?,٣,"ˬ?,ͫ","ܻ?,Ԫ","?,?","ˬη,ˬ","ުˬ,ˬ",ǰ  ߿ؿ.,Health is most important.,ˬ驡,ˬ﷪Ǫ
health,nutrition,intermediate,?,#4CAF50,"casual,home",instruction,건강,geon-gang,몸과 마음??좋? ?태,명사,"건강???빙","질병,?픔","?태,조건","건강관?건강?품","좋? 건강,?전??건강",health,/helθ/,good condition of body and mind,noun,"wellness,fitness","illness,sickness","condition,state","health care,health food","good health,perfect health",?康,jiàn kāng,身心????状???词,"?康??保健","?病,?苦","???件","?康管理,?康食品","????康,完美?康",?康,kenkō,体と心が???態,?詞,"?康?態,?ェ?ネ??,"?気,?み","?態,?件","?康管理,?康食品","???康,完璧?健?,건강??가??중요?요.,Health is most important.,?康??要???康???大?で??
health,hospital,basic,?,#FF5722,"formal,medical",request,병원,byeong-won,?픈 ?람??치료?는 ?명사,"?료기?,치료??,"?가??,"?소,?설","병원?병원진료","??병원,좋? 병원",hospital,/?h??spɪt?l/,place that treats sick people,noun,"medical facility,clinic","home,house","place,facility","hospital bill,hospital treatment","big hospital,good hospital",?院,yī yuàn,治疗?人?地???词,"?疗?构,诊?","?住宅","?方,设施","?院费用,?院治疗","大医??好医??,?院,byōin,?気???治?す?場?,?詞,"?療機関,???ッ??,"?住宅","??,?設","?院??院診療","大き?病?????院",병원??가???요.,I need to go to the hospital.,??要去?院???院?行?な?れ?な?ま?ん??
sports,football,basic,??#4CAF50,"casual,social",description,축구,chuk-gu,발로 공을 차는 ?동,명사,"?볼,?커","?구,?구","?동,?포?,"축구??축구?,"?로 축구,?드?축구",football,/?f?tb??l/,sport played with feet and ball,noun,"soccer,ball game","basketball,baseball","sport,exercise","football field,football","professional football,World Cup football",足球,zú qiú,?脚踢球?运???词,"足球运动,?类","?,棒球","运动,体育","足球??足球","?业足球,世界????,?ッ?ー,sakkā,足で?ー?を蹴る?ポ?ツ,?詞,"?ッ?ボ?ル,??","?ス?ッ???球","?動,?ポ?ツ","?ッ?ー???ッ?ー?ー??,"?ロ?ッ?ー,???ド?ッ?サ?カ??,친구?과 축구??요.,I play football with friends.,?和?友????達?サ?カ?を?ま??
entertainment,movie,basic,?,#E91E63,"casual,social",description,?화,yeong-hwa,?크린으?보는 ?야?명사,"?름,?네?,"??설","매체,?품","?화관,?화??,"???는 ?화,?로???화",movie,/?mu?vi/,story shown on screen,noun,"film,cinema","book,novel","media,work","movie theater,movie ticket","interesting movie,new movie",?影,diàn y?ng,?屏幕上?的?事,?词,"影片,?影??,"?小?","媒体,作品","?影???影?,"?趣?影,?电?,?画,eiga,?ク?ー?で見る?語,?詞,"?ィ?ム,?ネ??,"??小説","?デ?ア,作品","?画??画?ケ?ト","?白?映???し?映??,?제 ?화?봤어??,I watched a movie yesterday.,?昨天看了电影??日?画?見?し??
entertainment,music,basic,?,#9C27B0,"casual,social",description,?악,eum-ak,?리?만드???술,명사,"멜로???,"?음,?음","?술,?리","?악가,?기","좋? ?악,?래???악",music,/?mju?zɪk/,art made with sound,noun,"melody,song","noise,din","art,sound","musician,instrument","good music,classical music",?乐,yīn yuè,?声?创作的?术,?词,"?律,歌曲","?音,?音","?术,声音","?乐?乐器","好音??典?乐",??,ongaku,?で作る?術,?詞,"?ロ?ィ????,"騒音,?音","?術,??,"???楽器","????,???ッ???,?악???어??,I listen to music.,?听?乐?????聞?ま??
culture,tradition,basic,?,#FF5722,"formal,cultural",description,문화,mun-hwa,??민족???활 ?식,명사,"?통,관??,"?연,본능","?식,?태","문화??문화?터","?국 문화,?통 문화",culture,/?k?lt??r/,way of life of a people,noun,"tradition,custom","nature,instinct","style,form","cultural asset,cultural center","Korean culture,traditional culture",?化,wén huà,一个民?的?活?式,?词,"传统,习俗","?然,?能","?式,形?,"?化?产,?化?","?国?化,传统?化",?化,bunka,一?の民族??活様??詞,"伝統,習慣","?然,?能","様式,形態","?化??化?ン?ー","?国?化,伝統?化",?국 문화?배우??어??,I'm learning Korean culture.,?在学习?国?化???国?化?習?て?ま??
culture,language,intermediate,??#4CAF50,"formal,educational",instruction,?어,eon-eo,말과 글??체계,명사,"??학","침묵,무언","체계,?통","?어???역","?국 ?어,모국??,language,/?læŋɡwɪd?/,system of speech and writing,noun,"speech,linguistics","silence,mute","system,communication","linguistics,interpretation","foreign language,native language",??,y? yán,说话?文字的体系,?词,"话?,???,"沉默,??","体系,交流","???翻译","外?,母?",言?gengo,話と?字????詞,"?語?","沈黙,??","体系,?ミ?ニ?ー?ョ??,"言語?,?訳","外国?母語",?로???어?배우??어??,I'm learning a new language.,?在学习??言???し??語を習っ?い?す??
other,philosophy,advanced,?,#607D8B,"formal,academic",description,철학,cheol-hak,?과 ?상?????깊? ?각,명사,"?상,?유","?용,?천","?문,?고","철학??철학?,"?양 철학,?양 철학",philosophy,/fɪ?l??s?fi/,deep thinking about life and world,noun,"thought,reasoning","practical,action","study,thinking","philosopher,philosophy book","Eastern philosophy,Western philosophy",??,zhé xué,对生活和世界?深?思??词,"?想,?维","实用,实践","?,??,"??????,"东方??,西方??",??,tetsugaku,人生?世?に?い?の深い?え,?詞,"?想,??,"実用,実践","?,??,"????????,"?洋??,西洋??",철학??관?이 많아??,I'm very interested in philosophy.,????很感?趣?????と?も?味?あ?ま??
other,other,basic,??#9E9E9E,"casual,general",description,기?,gi-ta,?른 것들,명사,"?머지,그외","주요,?심","분류,??","기??항,기??등","?러 기?,?양??기?",other,/??ð?r/,different things,noun,"rest,else","main,core","category,item","other matters,etc","various others,different others",?他,qí tā,?他?东??词,"?余,?它","主要,?心","?类,项目","?他事项,等等","?种?他,不同?他",?の?sono ta,他の?の,?詞,"残り,?の?,"主要,?心","?類,?目","?の他事???ど","?ろ?ろ?そ??,様々な?の?,기? 질문???어??,I have other questions.,?有?他?????の他の質問?あ?ま??
