concept_id,domain,category,difficulty,emoji,color,situation,purpose,korean_word,korean_pronunciation,korean_definition,korean_pos,korean_synonyms,korean_antonyms,korean_word_family,korean_compound_words,korean_collocations,english_word,english_pronunciation,english_definition,english_pos,english_synonyms,english_antonyms,english_word_family,english_compound_words,english_collocations,chinese_word,chinese_pronunciation,chinese_definition,chinese_pos,chinese_synonyms,chinese_antonyms,chinese_word_family,chinese_compound_words,chinese_collocations,japanese_word,japanese_pronunciation,japanese_definition,japanese_pos,japanese_synonyms,japanese_antonyms,japanese_word_family,japanese_compound_words,japanese_collocations,spanish_word,spanish_pronunciation,spanish_definition,spanish_pos,spanish_synonyms,spanish_antonyms,spanish_word_family,spanish_compound_words,spanish_collocations,korean_example,english_example,chinese_example,japanese_example,spanish_example
daily_goodmorning_greeting,daily,routine,basic,ğŸŒ…,#4CAF50,"casual,home",greeting,ì¢‹ì€ ì•„ì¹¨,jo-eun-a-chim,ì•„ì¹¨ì— í•˜ëŠ” ì¸ì‚¬,ê°íƒ„ì‚¬,"ì•ˆë…•í•˜ì„¸ìš”,ì•ˆë…•",ì˜ ê°€ìš”,"ì¸ì‚¬,ì•„ì¹¨","ì•„ì¹¨ ì¸ì‚¬,ì¡°ê°„ ì¸ì‚¬","ìƒì¾Œí•œ ì•„ì¹¨,ì´ë¥¸ ì•„ì¹¨",good morning,/É¡ÊŠd ËˆmÉ”ËrnÉªÅ‹/,morning greeting,interjection,"hi,hello","bye,goodbye","greeting,morning","morning greeting,early morning","fresh morning,early morning",æ—©ä¸Šå¥½,zao shang hao,æ—©ä¸Šçš„é—®å€™è¯­,æ„Ÿå¹è¯,"ä½ å¥½,æ—©å®‰","å†è§,æ‹œæ‹œ","é—®å€™,æ—©æ™¨","æ—©å®‰é—®å€™,æ—©æ™¨é—®å€™","æ¸…çˆ½çš„æ—©æ™¨,æ—©èµ·",ãŠã¯ã‚ˆã†,ohayou,æœã®æŒ¨æ‹¶,æ„Ÿå‹•è©,"ã“ã‚“ã«ã¡ã¯,ãŠã¯ã‚ˆã†","ã•ã‚ˆã†ãªã‚‰,ãƒã‚¤ãƒã‚¤","æŒ¨æ‹¶,æœ","æœã®æŒ¨æ‹¶,æ—©æœã®æŒ¨æ‹¶","çˆ½ã‚„ã‹ãªæœ,æ—©èµ·ã",buenos dÃ­as,bwe-nos-di-as,saludo matutino,interjecciÃ³n,"hola,buenos dÃ­as","adiÃ³s,chao","saludo,maÃ±ana","saludo matutino,saludo temprano","maÃ±ana fresca,temprano",ì¢‹ì€ ì•„ì¹¨ì…ë‹ˆë‹¤,Good morning!,æ—©ä¸Šå¥½ï¼,ãŠã¯ã‚ˆã†ï¼,Â¡Buenos dÃ­as!
daily_hello_greeting,daily,routine,basic,ğŸ‘‹,#4CAF50,"casual,home",greeting,ì•ˆë…•í•˜ì„¸ìš”,an-nyeong-ha-se-yo,ê¸°ë³¸ì ì¸ ì¸ì‚¬,ê°íƒ„ì‚¬,"ì•ˆë…•,ë°˜ê°€ì›Œìš”",ì˜ ê°€ìš”,"ì¸ì‚¬,ì•ˆë¶€","ì•ˆë…• ì¸ì‚¬,ì¼ìƒ ì¸ì‚¬","ë°˜ê°€ìš´ ì¸ì‚¬,ì •ì¤‘í•œ ì¸ì‚¬",hello,/hÉ™ËˆlÉ™ÊŠ/,basic greeting,interjection,"hi,greetings","bye,goodbye","greeting,welcome","hello there,hello friend","warm hello,friendly hello",ä½ å¥½,ni hao,åŸºæœ¬é—®å€™è¯­,æ„Ÿå¹è¯,"å“ˆå–½,å—¨","å†è§,æ‹œæ‹œ","é—®å€™,æ¬¢è¿","ä½ å¥½å•Š,ä½ å¥½å—","çƒ­æƒ…é—®å€™,å‹å¥½é—®å€™",ã“ã‚“ã«ã¡ã¯,konnichiwa,åŸºæœ¬ã®æŒ¨æ‹¶,æ„Ÿå‹•è©,"ã‚„ã‚,ãƒãƒ­ãƒ¼","ã•ã‚ˆã†ãªã‚‰,ãƒã‚¤ãƒã‚¤","æŒ¨æ‹¶,æ­“è¿","ã“ã‚“ã«ã¡ã¯,ãŠå…ƒæ°—ã§ã™ã‹","æ¸©ã‹ã„æŒ¨æ‹¶,å‹å¥½çš„ãªæŒ¨æ‹¶",hola,o-la,saludo bÃ¡sico,interjecciÃ³n,"saludos,quÃ© tal","adiÃ³s,chao","saludo,bienvenida","hola amigo,hola quÃ© tal","saludo cÃ¡lido,saludo amistoso",ë§Œë‚˜ì„œ ë°˜ê°‘ìŠµë‹ˆë‹¤,Hello! Nice to meet you!,å¾ˆé«˜å…´è§åˆ°ä½ ï¼,ãŠä¼šã„ã§ãã¦å¬‰ã—ã„ã§ã™ï¼,Â¡Hola! Â¡Encantado de conocerte!
daily_howareyou_greeting,daily,routine,basic,ğŸ¤”,#4CAF50,"casual,home",greeting,ì–´ë– ì„¸ìš”,eo-tteo-se-yo,ìƒëŒ€ë°©ì˜ ì•ˆë¶€ë¥¼ ë¬»ëŠ” ì¸ì‚¬,ê°íƒ„ì‚¬,"ì˜ ì§€ë‚´ìš”,ì•ˆë…•í•˜ì„¸ìš”",ë‚˜ë¹ ìš”,"ì¸ì‚¬,ì•ˆë¶€","ì•ˆë¶€ ì¸ì‚¬,ì¼ìƒ ì¸ì‚¬","ì•ˆë¶€ ë¬»ê¸°,ê±´ê°• ë¬»ê¸°",how are you,/haÊŠ É‘Ër juË/,asking about wellbeing,interjection,"how do you do,hello","bad,unwell","greeting,wellbeing","asking wellbeing,daily greeting","checking health,morning greeting",ä½ å¥½å—,ni hao ma,é—®å€™å¯¹æ–¹çš„é—®å€™è¯­,æ„Ÿå¹è¯,"ä½ å¥½,è¿‘æ¥å¦‚ä½•","ä¸å¥½,ä¸è¡Œ","é—®å€™,å®‰å¥½","é—®å€™è¯­,æ—¥å¸¸é—®å€™","é—®å€™å®‰å¥½,å¥åº·é—®å€™",ãŠå…ƒæ°—ã§ã™ã‹,ogenki desuka,ç›¸æ‰‹ã®èª¿å­ã‚’å°‹ã­ã‚‹æŒ¨æ‹¶,æ„Ÿå‹•è©,"ã“ã‚“ã«ã¡ã¯,å…ƒæ°—","æ‚ªã„,ä¸èª¿","æŒ¨æ‹¶,å®‰å¦","å®‰å¦å•å€™,æ—¥å¸¸æŒ¨æ‹¶","å…ƒæ°—ç¢ºèª,å¥åº·ç¢ºèª",Â¿cÃ³mo estÃ¡s?,ko-mo-es-tas,preguntando por el bienestar,interjecciÃ³n,"hola,quÃ© tal","mal,enfermo","saludo,bienestar","saludo diario,pregunta de salud","chequeando salud,pregunta matutina",ì˜ ì§€ë‚´ì‹œë‚˜ìš”?,How are you doing?,ä½ å¥½å—ï¼Ÿ,ãŠå…ƒæ°—ã§ã™ã‹ï¼Ÿ,Â¿CÃ³mo estÃ¡s?
daily_sleep_greeting,daily,routine,basic,ğŸ˜´,#4CAF50,"casual,home",greeting,ì˜ ììš”,jal-ja-yo,ì·¨ì¹¨ ì „ ì¸ì‚¬,ê°íƒ„ì‚¬,"ì•ˆë…•íˆ ì£¼ë¬´ì„¸ìš”,êµ¿ë‚˜ì‡",ì•ˆë…•íˆ ê³„ì„¸ìš”,"ì¸ì‚¬,ì·¨ì¹¨","ì €ë… ì¸ì‚¬,ì·¨ì¹¨ ì¸ì‚¬","í¸ì•ˆí•œ ë°¤,ì¢‹ì€ ê¿ˆ",good night,/É¡ÊŠd naÉªt/,bedtime greeting,interjection,"night,sleep well","good morning,wake up","greeting,night","good dreams,sweet dreams","peaceful night,restful sleep",æ™šå®‰,wan an,ç¡å‰é—®å€™è¯­,æ„Ÿå¹è¯,"ç¡å¥½,å®‰æ¯","æ—©å®‰,èµ·åºŠ","é—®å€™,æ™šä¸Š","æ™šå®‰é—®å€™,ç¡å‰é—®å€™","å®‰ç¡,å¥½æ¢¦",ãŠã‚„ã™ã¿ãªã•ã„,oyasuminasai,å°±å¯å‰ã®æŒ¨æ‹¶,æ„Ÿå‹•è©,"ãŠã‚„ã™ã¿,ãŠä¼‘ã¿","ãŠã¯ã‚ˆã†,èµ·ãã‚‹","æŒ¨æ‹¶,å¤œ","å°±å¯æŒ¨æ‹¶,å¤œã®æŒ¨æ‹¶","å®‰ã‚‰ã‹ãªå¤œ,è‰¯ã„å¤¢",buenas noches,bwe-nas-no-ches,saludo antes de dormir,interjecciÃ³n,"dulces sueÃ±os,que descanses","buenos dÃ­as,despertar","saludo,noche","dulces sueÃ±os,buenas noches","noche tranquila,buen descanso",í¸ì•ˆíˆ ì£¼ë¬´ì„¸ìš”,Good night! Sleep well!,æ™šå®‰ï¼åšä¸ªå¥½æ¢¦ï¼,ãŠã‚„ã™ã¿ãªã•ã„ï¼è‰¯ã„å¤¢ã‚’ï¼,Â¡Buenas noches! Â¡Que duermas bien!
daily_wake_greeting,daily,routine,basic,â°,#4CAF50,"casual,home",greeting,ì¼ì–´ë‚˜ì„¸ìš”,i-reo-na-se-yo,ê¸°ìƒ ì‹œ ì¸ì‚¬,ë™ì‚¬,"ê¸°ìƒ,ê¸°ì¹¨",ìë‹¤,"ì¸ì‚¬,ê¸°ìƒ","ì•„ì¹¨ ê¸°ìƒ,ì´ë¥¸ ê¸°ìƒ","ìƒì¾Œí•œ ì•„ì¹¨,ìƒˆë¡œìš´ í•˜ë£¨",wake up,/weÉªk ÊŒp/,morning wake greeting,verb,"rise,get up","sleep,rest","greeting,morning","early rise,morning routine","fresh start,new day",èµ·åºŠäº†,qi chuang le,èµ·åºŠæ—¶çš„é—®å€™è¯­,åŠ¨è¯,"é†’æ¥,èµ·æ¥","ç¡è§‰,ä¼‘æ¯","é—®å€™,æ—©æ™¨","æ—©èµ·,æ™¨èµ·","æ¸…æ–°æ—©æ™¨,æ–°çš„ä¸€å¤©",èµ·ãã¦ãã ã•ã„,okite kudasai,èµ·åºŠæ™‚ã®æŒ¨æ‹¶,å‹•è©,"ç›®è¦šã‚,èµ·åºŠ","å¯ã‚‹,ä¼‘ã‚€","æŒ¨æ‹¶,æœ","æ—©èµ·ã,æœã®æº–å‚™","çˆ½ã‚„ã‹ãªæœ,æ–°ã—ã„ä¸€æ—¥",Â¡despierta!,des-pi-er-ta,saludo al despertar,verbo,"levÃ¡ntate,arriba","dormir,descansar","saludo,maÃ±ana","despertar temprano,rutina matutina","inicio fresco,nuevo dÃ­a",ì¢‹ì€ ì•„ì¹¨ì´ì—ìš”,Wake up! It's morning!,è¯¥èµ·åºŠäº†ï¼,èµ·ãã‚‹æ™‚é–“ã§ã™ï¼,Â¡Despierta! Â¡Ya es de maÃ±ana!
daily_welcome_greeting,daily,routine,basic,ğŸ¤—,#4CAF50,"casual,home",greeting,í™˜ì˜í•´ìš”,hwan-yeong-hae-yo,í™˜ì˜ì˜ ì¸ì‚¬,ë™ì‚¬,"ë°˜ê°€ì›Œìš”,ë§ì´í•´ìš”",ë°°ì›…í•´ìš”,"ì¸ì‚¬,í™˜ì˜","í™˜ì˜ ì¸ì‚¬,í™˜ì˜ í‘œí˜„","ë”°ëœ»í•œ í™˜ì˜,ì§„ì‹¬ ì–´ë¦° í™˜ì˜",welcome,/ËˆwelkÉ™m/,welcoming greeting,verb,"greet,receive","farewell,goodbye","greeting,welcome","warm welcome,hearty welcome","sincere welcome,warm reception",æ¬¢è¿,huan ying,æ¬¢è¿çš„é—®å€™è¯­,åŠ¨è¯,"è¿æ¥,æ¥å¾…","é€åˆ«,å†è§","é—®å€™,æ¬¢è¿","çƒ­çƒˆæ¬¢è¿,çœŸè¯šæ¬¢è¿","çƒ­æƒ…æ¥å¾…,è¯šæŒšæ¬¢è¿",ã‚ˆã†ã“ã,youkoso,æ­“è¿ã®æŒ¨æ‹¶,å‹•è©,"è¿ãˆã‚‹,æ­“è¿ã™ã‚‹","è¦‹é€ã‚‹,ã•ã‚ˆã†ãªã‚‰","æŒ¨æ‹¶,æ­“è¿","æ¸©ã‹ã„æ­“è¿,å¿ƒã‹ã‚‰ã®æ­“è¿","èª å®Ÿãªæ­“è¿,æ¸©ã‹ã„å—ã‘å…¥ã‚Œ",bienvenido,bien-ve-ni-do,saludo de bienvenida,verbo,"recibir,acoger","despedir,adiÃ³s","saludo,bienvenida","cÃ¡lida bienvenida,cordial bienvenida","sincera bienvenida,cÃ¡lida recepciÃ³n",ìš°ë¦¬ ì§‘ì— ì˜¤ì‹  ê²ƒì„ í™˜ì˜í•©ë‹ˆë‹¤,Welcome to our home!,æ¬¢è¿æ¥åˆ°æˆ‘ä»¬å®¶ï¼,ç§ãŸã¡ã®å®¶ã¸ã‚ˆã†ã“ãï¼,Â¡Bienvenido a nuestra casa!
daily_thanks_greeting,daily,routine,basic,ğŸ™,#4CAF50,"casual,home",greeting,ê°ì‚¬í•©ë‹ˆë‹¤,gam-sa-ham-ni-da,ê°ì‚¬ì˜ ì¸ì‚¬,ê°íƒ„ì‚¬,"ê³ ë§ˆì›Œìš”,ê°ì‚¬í•´ìš”",ì‹«ì–´ìš”,"ì¸ì‚¬,ê°ì‚¬","ê°ì‚¬ ì¸ì‚¬,ê°ì‚¬ í‘œí˜„","ì§„ì‹¬ ì–´ë¦° ê°ì‚¬,ë§ˆìŒ ë‹´ì€ ê°ì‚¬",thank you,/Î¸Ã¦Å‹k juË/,gratitude expression,interjection,"thanks,grateful","hate,dislike","greeting,gratitude","sincere thanks,heartfelt thanks","deep gratitude,warm thanks",è°¢è°¢,xie xie,æ„Ÿè°¢çš„é—®å€™è¯­,æ„Ÿå¹è¯,"æ„Ÿè°¢,è°¢æ„","è®¨åŒ,ä¸å–œæ¬¢","é—®å€™,æ„Ÿè°¢","çœŸè¯šæ„Ÿè°¢,è¡·å¿ƒæ„Ÿè°¢","æ·±æ·±æ„Ÿè°¢,æ¸©æš–è°¢æ„",ã‚ã‚ŠãŒã¨ã†,arigatou,æ„Ÿè¬ã®æŒ¨æ‹¶,æ„Ÿå‹•è©,"æ„Ÿè¬,ãŠç¤¼","å«Œã„,ä¸å¿«","æŒ¨æ‹¶,æ„Ÿè¬","å¿ƒã‹ã‚‰ã®æ„Ÿè¬,ãŠç¤¼ã®è¨€è‘‰","æ·±ã„æ„Ÿè¬,æ¸©ã‹ã„æ„Ÿè¬",gracias,gra-si-as,expresiÃ³n de gratitud,interjecciÃ³n,"agradecido,dar gracias","odiar,disgustar","saludo,gratitud","gracias sinceras,gracias cordiales","profunda gratitud,cÃ¡lido agradecimiento",ì •ë§ ê°ì‚¬ë“œë¦½ë‹ˆë‹¤,Thank you very much!,éå¸¸æ„Ÿè°¢ï¼,æœ¬å½“ã«ã‚ã‚ŠãŒã¨ã†ã”ã–ã„ã¾ã™ï¼,Â¡Muchas gracias!
daily_sorry_greeting,daily,routine,basic,ğŸ˜…,#4CAF50,"casual,home",greeting,ì£„ì†¡í•©ë‹ˆë‹¤,joe-song-ham-ni-da,ì‚¬ê³¼ì˜ ì¸ì‚¬,ê°íƒ„ì‚¬,"ë¯¸ì•ˆí•´ìš”,ì‹¤ë¡€í•©ë‹ˆë‹¤",ê´œì°®ì•„ìš”,"ì¸ì‚¬,ì‚¬ê³¼","ì‚¬ê³¼ ì¸ì‚¬,ì‚¬ê³¼ í‘œí˜„","ì§„ì‹¬ ì–´ë¦° ì‚¬ê³¼,ì •ì¤‘í•œ ì‚¬ê³¼",sorry,/ËˆsÉ’ri/,apology expression,interjection,"apologize,excuse me","okay,fine","greeting,apology","sincere apology,formal apology","deep regret,heartfelt apology",å¯¹ä¸èµ·,dui bu qi,é“æ­‰çš„é—®å€™è¯­,æ„Ÿå¹è¯,"æŠ±æ­‰,ä¸å¥½æ„æ€","æ²¡å…³ç³»,å¥½çš„","é—®å€™,é“æ­‰","è¯šæ³é“æ­‰,æ­£å¼é“æ­‰","æ·±æ·±æ­‰æ„,è¯šæŒšæ­‰æ„",ã™ã¿ã¾ã›ã‚“,sumimasen,è¬ç½ªã®æŒ¨æ‹¶,æ„Ÿå‹•è©,"ã”ã‚ã‚“ãªã•ã„,ç”³ã—è¨³ãªã„","å¤§ä¸ˆå¤«,ã„ã„ã‚ˆ","æŒ¨æ‹¶,è¬ç½ª","å¿ƒã‹ã‚‰ã®ãŠè©«ã³,ä¸å¯§ãªè¬ç½ª","æ·±ã„ãŠè©«ã³,èª å®Ÿãªè¬ç½ª",lo siento,lo-si-en-to,expresiÃ³n de disculpa,interjecciÃ³n,"perdÃ³n,discÃºlpame","estÃ¡ bien,no pasa nada","saludo,disculpa","disculpa sincera,disculpa formal","profundo pesar,disculpa sentida",ì‹¤ìˆ˜í•´ì„œ ì£„ì†¡í•©ë‹ˆë‹¤,I'm sorry for my mistake.,å¯¹ä¸èµ·ï¼Œæˆ‘é”™äº†ã€‚,ç”³ã—è¨³ã‚ã‚Šã¾ã›ã‚“ã€‚,Lo siento por mi error.
daily_bye_greeting,daily,routine,basic,ğŸ‘‹,#4CAF50,"casual,home",greeting,ì•ˆë…•íˆ ê³„ì„¸ìš”,an-nyeong-hi-gye-se-yo,ì‘ë³„ ì¸ì‚¬,ê°íƒ„ì‚¬,"ì˜ ê°€ìš”,ë˜ ë´ìš”",ì•ˆë…•í•˜ì„¸ìš”,"ì¸ì‚¬,ì‘ë³„","ì‘ë³„ ì¸ì‚¬,ì´ë³„ ì¸ì‚¬","ë”°ëœ»í•œ ì‘ë³„,ì •ì¤‘í•œ ì‘ë³„",goodbye,/É¡ÊŠdËˆbaÉª/,farewell greeting,interjection,"bye,see you","hello,hi","greeting,farewell","warm goodbye,formal farewell","fond farewell,kind goodbye",å†è§,zai jian,å‘Šåˆ«çš„é—®å€™è¯­,æ„Ÿå¹è¯,"æ‹œæ‹œ,å›å¤´è§","ä½ å¥½,æ—©å®‰","é—®å€™,å‘Šåˆ«","æ¸©æš–å‘Šåˆ«,æ­£å¼å‘Šåˆ«","äº²åˆ‡å‘Šåˆ«,å‹å¥½å‘Šåˆ«",ã•ã‚ˆã†ãªã‚‰,sayounara,åˆ¥ã‚Œã®æŒ¨æ‹¶,æ„Ÿå‹•è©,"ãƒã‚¤ãƒã‚¤,ã¾ãŸä¼šã„ã¾ã—ã‚‡ã†","ã“ã‚“ã«ã¡ã¯,ãŠã¯ã‚ˆã†","æŒ¨æ‹¶,åˆ¥ã‚Œ","æ¸©ã‹ã„åˆ¥ã‚Œ,ä¸å¯§ãªåˆ¥ã‚Œ","è¦ªåˆ‡ãªåˆ¥ã‚Œ,å„ªã—ã„åˆ¥ã‚Œ",adiÃ³s,a-di-os,saludo de despedida,interjecciÃ³n,"chao,hasta luego","hola,buenos dÃ­as","saludo,despedida","cÃ¡lida despedida,despedida formal","afectuosa despedida,amable adiÃ³s",ë‹¤ìŒì— ë˜ ë§Œë‚˜ìš”,See you next time!,ä¸‹æ¬¡å†è§ï¼,ã¾ãŸä¼šã„ã¾ã—ã‚‡ã†ï¼,Â¡Hasta la prÃ³xima!
daily_night_greeting,daily,routine,basic,ğŸŒ™,#4CAF50,"casual,home",greeting,ì•ˆë…•íˆ ì£¼ë¬´ì„¸ìš”,an-nyeong-hi-ju-mu-se-yo,ì·¨ì¹¨ ì „ ì¸ì‚¬,ê°íƒ„ì‚¬,"ì˜ ììš”,ì¢‹ì€ ë°¤ ë˜ì„¸ìš”",ì¼ì–´ë‚˜ì„¸ìš”,"ì¸ì‚¬,ì·¨ì¹¨","ì·¨ì¹¨ ì¸ì‚¬,ì €ë… ì¸ì‚¬","í¸ì•ˆí•œ ë°¤,ë‹¬ì½¤í•œ ê¿ˆ",good night,/É¡ÊŠd naÉªt/,bedtime greeting,interjection,"night,sleep tight","wake up,rise","greeting,night","night greeting,evening farewell","peaceful night,sweet dreams",æ™šå®‰,wan an,ç¡å‰é—®å€™è¯­,æ„Ÿå¹è¯,"ç¡å¥½è§‰,å¥½æ¢¦","èµ·åºŠ,é†’æ¥","é—®å€™,æ™šä¸Š","æ™šå®‰é—®å€™,æ™šé—´å‘Šåˆ«","å®‰é™çš„å¤œ,ç”œèœœçš„æ¢¦",ãŠã‚„ã™ã¿,oyasumi,å°±å¯å‰ã®æŒ¨æ‹¶,æ„Ÿå‹•è©,"ãŠä¼‘ã¿,ã‚ˆãå¯ã¦","èµ·ãã¦,ç›®è¦šã‚ã¦","æŒ¨æ‹¶,å¤œ","å¤œã®æŒ¨æ‹¶,å¤•ã¹ã®åˆ¥ã‚Œ","é™ã‹ãªå¤œ,ç”˜ã„å¤¢",buenas noches,bwe-nas-no-ches,saludo nocturno,interjecciÃ³n,"que descanses,dulces sueÃ±os","despertar,levantarse","saludo,noche","saludo nocturno,despedida vespertina","noche tranquila,dulces sueÃ±os",í¸ì•ˆí•œ ë°¤ ë˜ì„¸ìš”,Have a peaceful night!,ç¥ä½ æ™šå®‰ï¼,ãŠã‚„ã™ã¿ãªã•ã„ï¼,Â¡Que tengas una buena noche!
daily_welcome_home_greeting,daily,routine,basic,ğŸ ,#4CAF50,"casual,home",greeting,ë‹¤ë…€ì™”ìŠµë‹ˆë‹¤,da-nyeo-wat-seum-ni-da,ê·€ê°€ ì‹œ ì¸ì‚¬,ë™ì‚¬,"ì™”ì–´ìš”,ë„ì°©í–ˆì–´ìš”",ë‹¤ë…€ì˜¤ê² ìŠµë‹ˆë‹¤,"ì¸ì‚¬,ê·€ê°€","ê·€ê°€ ì¸ì‚¬,ë„ì°© ì¸ì‚¬","ë¬´ì‚¬ ê·€ê°€,ì•ˆì „ ê·€ê°€",I'm home,/aÉªm hÉ™ÊŠm/,arriving home greeting,verb,"arrived,returned","leaving,departing","greeting,return","safe return,arrival home","welcome back,safe arrival",æˆ‘å›æ¥äº†,wo hui lai le,å›å®¶æ—¶çš„é—®å€™è¯­,åŠ¨è¯,"åˆ°å®¶äº†,å›æ¥äº†","å‡ºé—¨äº†,ç¦»å¼€äº†","é—®å€™,å›å®¶","å¹³å®‰å›å®¶,å®‰å…¨åˆ°å®¶","æ¬¢è¿å›å®¶,å¹³å®‰å½’æ¥",ãŸã ã„ã¾,tadaima,å¸°å®…æ™‚ã®æŒ¨æ‹¶,å‹•è©,"æˆ»ã‚Šã¾ã—ãŸ,ç€ãã¾ã—ãŸ","è¡Œã£ã¦ãã¾ã™,å‡ºç™º","æŒ¨æ‹¶,å¸°å®…","ç„¡äº‹å¸°å®…,å®‰å…¨å¸°å®…","ãŠå¸°ã‚Šãªã•ã„,ç„¡äº‹åˆ°ç€",ya lleguÃ©,ya-ye-ge,saludo al llegar a casa,verbo,"lleguÃ©,regresÃ©","saliendo,partiendo","saludo,regreso","regreso seguro,llegada a casa","bienvenido de vuelta,llegada segura",ë¬´ì‚¬íˆ ì˜ ë‹¤ë…€ì™”ì–´ìš”,I'm back home safely!,æˆ‘å¹³å®‰åˆ°å®¶äº†ï¼,ãŸã ã„ã¾ã€ç„¡äº‹ã«å¸°ã‚Šã¾ã—ãŸï¼,Â¡Ya lleguÃ© a casa sano y salvo!
daily_leaving_home_greeting,daily,routine,basic,ğŸš¶,#4CAF50,"casual,home",greeting,ë‹¤ë…€ì˜¤ê² ìŠµë‹ˆë‹¤,da-nyeo-o-get-seum-ni-da,ì™¸ì¶œ ì‹œ ì¸ì‚¬,ë™ì‚¬,"ê°”ë‹¤ì˜¬ê²Œìš”,ë‚˜ë‹¤ë…€ì˜¬ê²Œìš”",ë‹¤ë…€ì™”ìŠµë‹ˆë‹¤,"ì¸ì‚¬,ì™¸ì¶œ","ì™¸ì¶œ ì¸ì‚¬,ì¶œë°œ ì¸ì‚¬","ì•ˆì „ ì™¸ì¶œ,ì¦ê±°ìš´ ì™¸ì¶œ",I'm leaving,/aÉªm ËˆliËvÉªÅ‹/,leaving home greeting,verb,"going out,departing","returning,arriving","greeting,departure","safe journey,good departure","take care,have fun",æˆ‘èµ°äº†,wo zou le,å‡ºé—¨æ—¶çš„é—®å€™è¯­,åŠ¨è¯,"å‡ºé—¨äº†,ç¦»å¼€äº†","å›æ¥äº†,åˆ°å®¶äº†","é—®å€™,å‡ºé—¨","å¹³å®‰å‡ºè¡Œ,å¼€å¿ƒå‡ºé—¨","ä¿é‡,ç©å¾—å¼€å¿ƒ",ã„ã£ã¦ãã¾ã™,ittekimasu,å¤–å‡ºæ™‚ã®æŒ¨æ‹¶,å‹•è©,"è¡Œã£ã¦ãã¾ã™,å‡ºã‹ã‘ã¾ã™","ãŸã ã„ã¾,å¸°å®…","æŒ¨æ‹¶,å¤–å‡º","å®‰å…¨ãªå¤–å‡º,æ¥½ã—ã„å¤–å‡º","æ°—ã‚’ã¤ã‘ã¦,æ¥½ã—ã‚“ã§",me voy,me-boy,saludo al salir de casa,verbo,"salgo,parto","regreso,llego","saludo,salida","viaje seguro,buena salida","cuÃ­date,diviÃ©rtete",ì¡°ì‹¬íˆ ë‹¤ë…€ì˜¬ê²Œìš”,I'll be back safely!,æˆ‘ä¼šå®‰å…¨å›æ¥çš„ï¼,è¡Œã£ã¦ãã¾ã™ã€æ°—ã‚’ã¤ã‘ã¦ï¼,Â¡VolverÃ© con cuidado!
daily_eating_greeting,daily,routine,basic,ğŸ½ï¸,#4CAF50,"casual,home",greeting,ì˜ ë¨¹ê² ìŠµë‹ˆë‹¤,jal-meok-get-seum-ni-da,ì‹ì‚¬ ì‹œì‘ ì¸ì‚¬,ë™ì‚¬,"ë§›ìˆê²Œ ë¨¹ê² ìŠµë‹ˆë‹¤,ì˜ ë¨¹ì„ê²Œìš”",ì˜ ë¨¹ì—ˆìŠµë‹ˆë‹¤,"ì¸ì‚¬,ì‹ì‚¬","ì‹ì‚¬ ì¸ì‚¬,ì‹ì „ ì¸ì‚¬","ë§›ìˆëŠ” ì‹ì‚¬,ì¦ê±°ìš´ ì‹ì‚¬",enjoy your meal,/ÉªnËˆdÊ’É”Éª jÉ™ miËl/,meal starting greeting,verb,"bon appÃ©tit,let's eat","finished eating,done eating","greeting,meal","meal greeting,pre-meal","delicious meal,pleasant dining",å¼€åŠ¨äº†,kai dong le,ç”¨é¤æ—¶çš„é—®å€™è¯­,åŠ¨è¯,"æˆ‘å¼€åŠ¨äº†,æˆ‘åƒäº†","åƒå¥½äº†,ç»“æŸäº†","é—®å€™,ç”¨é¤","ç”¨é¤é—®å€™,é¥­å‰é—®å€™","ç¾å‘³ç”¨é¤,æ„‰å¿«ç”¨é¤",ã„ãŸã ãã¾ã™,itadakimasu,é£Ÿäº‹é–‹å§‹ã®æŒ¨æ‹¶,å‹•è©,"é ‚ãã¾ã™,é£Ÿã¹ã¾ã™","ã”ã¡ãã†ã•ã¾,å®Œé£Ÿ","æŒ¨æ‹¶,é£Ÿäº‹","é£Ÿäº‹æŒ¨æ‹¶,é£Ÿå‰æŒ¨æ‹¶","ç¾å‘³ã—ã„é£Ÿäº‹,æ¥½ã—ã„é£Ÿäº‹",Â¡buen provecho!,bwen-pro-be-cho,saludo antes de comer,verbo,"que aproveche,a comer","terminÃ©,acabÃ©","saludo,comida","saludo de comida,pre-comida","comida deliciosa,cena agradable",ë§›ìˆê²Œ ë“œì„¸ìš”,Let's enjoy our meal!,è¯·æ…¢ç”¨ï¼,ã„ãŸã ãã¾ã™ï¼,Â¡Que aproveches!
daily_finish_eating_greeting,daily,routine,basic,ğŸ‘,#4CAF50,"casual,home",greeting,ì˜ ë¨¹ì—ˆìŠµë‹ˆë‹¤,jal-meok-eot-seum-ni-da,ì‹ì‚¬ í›„ ê°ì‚¬ ì¸ì‚¬,ë™ì‚¬,"ë§›ìˆê²Œ ë¨¹ì—ˆìŠµë‹ˆë‹¤,ì˜ ë¨¹ì—ˆì–´ìš”",ì˜ ë¨¹ê² ìŠµë‹ˆë‹¤,"ì¸ì‚¬,ê°ì‚¬","ì‹í›„ ì¸ì‚¬,ê°ì‚¬ ì¸ì‚¬","ë§›ìˆëŠ” ì‹ì‚¬,ì¦ê±°ìš´ ì‹ì‚¬",thanks for the meal,/Î¸Ã¦Å‹ks fÉ™ Ã°É™ miËl/,after meal greeting,verb,"delicious,finished eating","starting to eat,hungry","greeting,gratitude","after meal,thank you","enjoyable meal,satisfied dining",åƒå¥½äº†,chi hao le,ç”¨é¤åçš„é—®å€™è¯­,åŠ¨è¯,"æˆ‘åƒé¥±äº†,åƒå®Œäº†","å¼€åŠ¨äº†,æˆ‘è¦åƒäº†","é—®å€™,æ„Ÿè°¢","é¥­åé—®å€™,æ„Ÿè°¢é—®å€™","ç¾å‘³ä½³è‚´,æ»¡æ„ç”¨é¤",ã”ã¡ãã†ã•ã¾,gochisousama,é£Ÿäº‹å¾Œã®æŒ¨æ‹¶,å‹•è©,"ã”ã¡ãã†ã•ã¾ã§ã—ãŸ,å®Œé£Ÿ","ã„ãŸã ãã¾ã™,é–‹å§‹","æŒ¨æ‹¶,æ„Ÿè¬","é£Ÿå¾ŒæŒ¨æ‹¶,æ„Ÿè¬æŒ¨æ‹¶","ç¾å‘³ã—ã„é£Ÿäº‹,æº€è¶³ãªé£Ÿäº‹",gracias por la comida,gra-si-as-por-la-co-mi-da,saludo despuÃ©s de comer,verbo,"estuvo delicioso,terminÃ©","empezando,tengo hambre","saludo,gratitud","despuÃ©s de comer,gracias","comida agradable,satisfecho",ë§›ìˆëŠ” ì‹ì‚¬ì˜€ìŠµë‹ˆë‹¤,Thank you for the delicious meal!,è°¢è°¢æ¬¾å¾…ï¼,ã”ã¡ãã†ã•ã¾ã§ã—ãŸï¼,Â¡Gracias por la comida!
daily_breakfast_greeting,daily,routine,basic,ğŸŒ,#4CAF50,"casual,home",greeting,ì•„ì¹¨ ì‹ì‚¬,a-chim-shik-sa,í•˜ë£¨ë¥¼ ì‹œì‘í•˜ëŠ” ì²« ì‹ì‚¬,ëª…ì‚¬,"ì¡°ì°¬,ì•„ì¹¨ë°¥",ì €ë… ì‹ì‚¬,"ì‹ì‚¬,ì•„ì¹¨","ì•„ì¹¨ ë©”ë‰´,ì•„ì¹¨ ë°¥ìƒ","ê±´ê°•í•œ ì•„ì¹¨,ë“ ë“ í•œ ì•„ì¹¨",breakfast,/ËˆbrekfÉ™st/,first meal of the day,noun,"morning meal,first meal","dinner,supper","meal,morning","breakfast menu,morning table","healthy breakfast,hearty breakfast",æ—©é¤,zao can,ä¸€å¤©çš„ç¬¬ä¸€é¤,åè¯,"æ—©é¥­,æœé£Ÿ","æ™šé¤,å¤œå®µ","é¤é£Ÿ,æ—©ä¸Š","æ—©é¤èœå•,æ—©é¤é£Ÿè°±","å¥åº·æ—©é¤,è¥å…»æ—©é¤",æœé£Ÿ,choushoku,ä¸€æ—¥ã®æœ€åˆã®é£Ÿäº‹,åè©,"æœã”ã¯ã‚“,ã‚ã•ã‚ã—","å¤•é£Ÿ,æ™©ã”é£¯","é£Ÿäº‹,æœ","æœé£Ÿãƒ¡ãƒ‹ãƒ¥ãƒ¼,æœã”ã¯ã‚“","å¥åº·çš„ãªæœé£Ÿ,æ „é¤Šæº€ç‚¹ã®æœé£Ÿ",desayuno,de-sa-yu-no,primera comida del dÃ­a,sustantivo,"primer alimento,desayuno","cena,merienda","comida,maÃ±ana","menÃº desayuno,mesa desayuno","desayuno saludable,desayuno nutritivo",ë§›ìˆëŠ” ì•„ì¹¨ ì‹ì‚¬ ë˜ì„¸ìš”,Have a delicious breakfast!,è¯·äº«ç”¨ç¾å‘³æ—©é¤ï¼,ãŠã„ã—ã„æœé£Ÿã‚’ã©ã†ãï¼,Â¡Que disfrutes tu desayuno!
daily_lunch_greeting,daily,routine,basic,â˜€ï¸,#4CAF50,"casual,home",greeting,ì ì‹¬ ì‹ì‚¬,jeom-sim-shik-sa,í•˜ë£¨ ì¤‘ê°„ì˜ ì‹ì‚¬,ëª…ì‚¬,"ì ì‹¬,ì¤‘ì‹",ì•„ì¹¨ ì‹ì‚¬,"ì‹ì‚¬,ë‚®","ì ì‹¬ ë©”ë‰´,ì ì‹¬ ë„ì‹œë½","ë§›ìˆëŠ” ì ì‹¬,ì¦ê±°ìš´ ì ì‹¬",lunch,/lÊŒntÊƒ/,midday meal,noun,"noon meal,midday","breakfast,dinner","meal,noon","lunch menu,lunch box","delicious lunch,enjoyable lunch",åˆé¤,wu can,ä¸­åˆçš„é¥­é£Ÿ,åè¯,"ä¸­é¥­,åˆé¥­","æ—©é¤,æ™šé¤","é¤é£Ÿ,ä¸­åˆ","åˆé¤èœå•,ä¾¿å½“","ç¾å‘³åˆé¤,æ„‰å¿«åˆé¤",æ˜¼é£Ÿ,chuushoku,æ˜¼ã®é£Ÿäº‹,åè©,"æ˜¼ã”ã¯ã‚“,ãƒ©ãƒ³ãƒ","æœé£Ÿ,å¤•é£Ÿ","é£Ÿäº‹,æ˜¼","æ˜¼é£Ÿãƒ¡ãƒ‹ãƒ¥ãƒ¼,ãŠå¼å½“","ãŠã„ã—ã„æ˜¼é£Ÿ,æ¥½ã—ã„æ˜¼é£Ÿ",almuerzo,al-mwer-so,comida del mediodÃ­a,sustantivo,"comida,mediodÃ­a","desayuno,cena","comida,tarde","menÃº almuerzo,lonchera","almuerzo delicioso,almuerzo agradable",ë§›ìˆëŠ” ì ì‹¬ ì‹ì‚¬ ë˜ì„¸ìš”,Have a delicious lunch!,è¯·äº«ç”¨ç¾å‘³åˆé¤ï¼,ãŠã„ã—ã„æ˜¼é£Ÿã‚’ã©ã†ãï¼,Â¡Que disfrutes tu almuerzo!
daily_dinner_greeting,daily,routine,basic,ğŸŒ™,#4CAF50,"casual,home",greeting,ì €ë… ì‹ì‚¬,jeo-nyeok-shik-sa,í•˜ë£¨ ë§ˆì§€ë§‰ ì‹ì‚¬,ëª…ì‚¬,"ì„ì‹,ì €ë…ë°¥",ì•„ì¹¨ ì‹ì‚¬,"ì‹ì‚¬,ì €ë…","ì €ë… ë©”ë‰´,ì €ë… ë°¥ìƒ","ë§›ìˆëŠ” ì €ë…,ë“ ë“ í•œ ì €ë…",dinner,/ËˆdÉªnÉ™r/,evening meal,noun,"supper,evening meal","breakfast,lunch","meal,evening","dinner menu,evening table","delicious dinner,hearty dinner",æ™šé¤,wan can,æ™šä¸Šçš„é¥­é£Ÿ,åè¯,"æ™šé¥­,å¤œé¤","æ—©é¤,åˆé¤","é¤é£Ÿ,æ™šä¸Š","æ™šé¤èœå•,æ™šé¤é£Ÿè°±","ç¾å‘³æ™šé¤,ä¸°ç››æ™šé¤",å¤•é£Ÿ,yuushoku,å¤•æ–¹ã®é£Ÿäº‹,åè©,"å¤•ã”ã¯ã‚“,æ™©ã”ã¯ã‚“","æœé£Ÿ,æ˜¼é£Ÿ","é£Ÿäº‹,å¤•æ–¹","å¤•é£Ÿãƒ¡ãƒ‹ãƒ¥ãƒ¼,å¤•é£¯","ãŠã„ã—ã„å¤•é£Ÿ,è±Šã‹ãªå¤•é£Ÿ",cena,se-na,comida de la noche,sustantivo,"cena,comida noche","desayuno,almuerzo","comida,noche","menÃº cena,mesa cena","cena deliciosa,cena abundante",ë§›ìˆëŠ” ì €ë… ì‹ì‚¬ ë˜ì„¸ìš”,Have a delicious dinner!,è¯·äº«ç”¨ç¾å‘³æ™šé¤ï¼,ãŠã„ã—ã„å¤•é£Ÿã‚’ã©ã†ãï¼,Â¡Que disfrutes tu cena!
daily_meeting_greeting,daily,routine,basic,ğŸ‘¥,#4CAF50,"casual,home",greeting,ë§Œë‚¨,man-nam,ì‚¬ëŒë“¤ê³¼ì˜ ë§Œë‚¨,ëª…ì‚¬,"íšŒë™,ëª¨ì„",ì´ë³„,"ë§Œë‚¨,ëª¨ì„","ì²« ë§Œë‚¨,ì¬íšŒ","ì¦ê±°ìš´ ë§Œë‚¨,ë°˜ê°€ìš´ ë§Œë‚¨",meeting,/ËˆmiËtÉªÅ‹/,gathering of people,noun,"gathering,encounter","parting,farewell","meeting,gathering","first meeting,reunion","joyful meeting,pleasant gathering",ä¼šé¢,hui mian,äººä¸äººä¹‹é—´çš„ç›¸é‡,åè¯,"ç›¸é‡,èšä¼š","åˆ†åˆ«,å‘Šåˆ«","ä¼šé¢,èšä¼š","åˆæ¬¡è§é¢,é‡é€¢","æ„‰å¿«ç›¸é‡,æ¬¢ä¹èšä¼š",å‡ºä¼šã„,deai,äººã€…ã¨ã®å‡ºä¼šã„,åè©,"ä¼šåˆ,é›†ã¾ã‚Š","åˆ¥ã‚Œ,ã•ã‚ˆã†ãªã‚‰","å‡ºä¼šã„,é›†ã¾ã‚Š","åˆå¯¾é¢,å†ä¼š","æ¥½ã—ã„å‡ºä¼šã„,å¬‰ã—ã„é›†ã¾ã‚Š",encuentro,en-kwen-tro,reuniÃ³n de personas,sustantivo,"reuniÃ³n,encuentro","despedida,adiÃ³s","encuentro,reuniÃ³n","primer encuentro,reencuentro","encuentro alegre,reuniÃ³n agradable",ì¦ê±°ìš´ ë§Œë‚¨ì´ì—ˆìŠµë‹ˆë‹¤,It was a pleasant meeting!,å¾ˆé«˜å…´è§åˆ°ä½ ä»¬ï¼,ãŠä¼šã„ã§ãã¦å¬‰ã—ã‹ã£ãŸã§ã™ï¼,Â¡Fue un encuentro muy agradable!
daily_rest_greeting,daily,routine,basic,ğŸ˜Œ,#4CAF50,"casual,home",greeting,íœ´ì‹,hyu-shik,í”¼ë¡œë¥¼ í‘¸ëŠ” ì‹œê°„,ëª…ì‚¬,"ì‰¼,ì•ˆì‹",ë…¸ë™,"íœ´ì‹,ì•ˆì‹","íœ´ì‹ ì‹œê°„,ì•ˆì‹ì²˜","í¸ì•ˆí•œ íœ´ì‹,ë‹¬ì½¤í•œ íœ´ì‹",rest,/rest/,time for relaxation,noun,"break,repose","work,labor","rest,relaxation","rest time,resting place","peaceful rest,sweet repose",ä¼‘æ¯,xiu xi,ä¼‘å…»ç”Ÿæ¯çš„æ—¶é—´,åè¯,"ä¼‘å…»,æ­‡æ¯","å·¥ä½œ,åŠ³åŠ¨","ä¼‘æ¯,å®‰æ¯","ä¼‘æ¯æ—¶é—´,ä¼‘æ¯å¤„","å®‰é™ä¼‘æ¯,ç”œèœœä¼‘æ¯",ä¼‘æ†©,kyuukei,ç–²ã‚Œã‚’ç™’ã™æ™‚é–“,åè©,"ä¼‘ã¿,å®‰ã‚‰ã","ä»•äº‹,åŠ´åƒ","ä¼‘æ†©,å®‰ã‚‰ã","ä¼‘æ†©æ™‚é–“,ä¼‘ã¿å‡¦","ç©ã‚„ã‹ãªä¼‘æ†©,ç”˜ã„ä¼‘æ¯",descanso,des-kan-so,tiempo para relajarse,sustantivo,"pausa,reposo","trabajo,labor","descanso,relax","tiempo descanso,lugar reposo","descanso tranquilo,dulce reposo",í¸ì•ˆí•œ íœ´ì‹ ë˜ì„¸ìš”,Have a peaceful rest!,ç¥ä½ ä¼‘æ¯æ„‰å¿«ï¼,ã‚†ã£ãã‚Šä¼‘ã‚“ã§ãã ã•ã„ï¼,Â¡Que tengas un buen descanso!
daily_wash_greeting,daily,routine,basic,ğŸš¿,#4CAF50,"casual,home",greeting,ì”»ìœ¼ëŸ¬ ê°ˆê²Œìš”,ssi-seu-reo-gal-ge-yo,ì„¸ë©´ì´ë‚˜ ëª©ìš•ì„ í•˜ëŸ¬ ê°€ëŠ” ì¸ì‚¬,ë™ì‚¬,"ì„¸ìˆ˜í•˜ë‹¤,ëª©ìš•í•˜ë‹¤",ë”ëŸ½ë‹¤,"ì”»ë‹¤,ì„¸ìˆ˜","ì•„ì¹¨ ì„¸ìˆ˜,ì €ë… ëª©ìš•","ê¹¨ë—í•œ ì„¸ìˆ˜,ìƒì¾Œí•œ ëª©ìš•",going to wash,/ËˆÉ¡É™ÊŠÉªÅ‹ tÉ™ wÉ’Êƒ/,going to clean oneself,verb,"bathe,shower","dirty,unclean","wash,clean","morning wash,evening bath","fresh wash,refreshing bath",å»æ´—æ¼±,qu xi shu,å»æ´—æ¼±çš„é—®å€™è¯­,åŠ¨è¯,"æ´—æ¾¡,æ´—è„¸","è„,ä¸å¹²å‡€","æ´—æ¼±,æ¸…æ´","æ—©æ™¨æ´—æ¼±,æ™šä¸Šæ´—æ¾¡","æ¸…çˆ½æ´—æ¼±,èˆ’é€‚æ²æµ´",ãŠé¢¨å‘‚ã«å…¥ã£ã¦ãã¾ã™,ofuro ni haitte kimasu,æ´—é¢ã‚„å…¥æµ´ã®æŒ¨æ‹¶,å‹•è©,"æ´—ã†,å…¥æµ´ã™ã‚‹","æ±šã„,ä¸æ½”","æ´—ã†,æ´—é¢","æœã®æ´—é¢,å¤œã®ãŠé¢¨å‘‚","ã•ã£ã±ã‚Šã—ãŸæ´—é¡”,æ°—æŒã¡ã„ã„ãŠé¢¨å‘‚",voy a lavarme,boy-a-la-bar-me,ir a limpiarse,verbo,"baÃ±arse,ducharse","sucio,impuro","lavar,limpiar","lavado maÃ±ana,baÃ±o noche","lavado fresco,baÃ±o refrescante",ê¹¨ë—ì´ ì”»ê³  ì˜¬ê²Œìš”,I'll go wash up and come back!,æˆ‘å»æ´—æ¼±ä¸€ä¸‹ï¼,ãŠé¢¨å‘‚ã«å…¥ã£ã¦ãã¾ã™ï¼,Â¡Voy a lavarme y vuelvo!
daily_study_greeting,daily,routine,basic,ğŸ“š,#4CAF50,"casual,home",greeting,ê³µë¶€í•˜ëŸ¬ ê°ˆê²Œìš”,gong-bu-ha-reo-gal-ge-yo,í•™ìŠµí•˜ëŸ¬ ê°€ëŠ” ì¸ì‚¬,ë™ì‚¬,"í•™ìŠµí•˜ë‹¤,ë°°ìš°ë‹¤",ë†€ë‹¤,"ê³µë¶€,í•™ìŠµ","ë…ì„œì‹¤ ê³µë¶€,ë„ì„œê´€ ê³µë¶€","ì—´ì‹¬íˆ ê³µë¶€,ì§‘ì¤‘ ê³µë¶€",going to study,/ËˆÉ¡É™ÊŠÉªÅ‹ tÉ™ ËˆstÊŒdi/,going to learn,verb,"learn,review","play,relax","study,learning","library study,home study","hard study,focused study",å»å­¦ä¹ ,qu xue xi,å»å­¦ä¹ çš„é—®å€™è¯­,åŠ¨è¯,"å­¦ä¹ ,æ¸©ä¹ ","ç©,ä¼‘æ¯","å­¦ä¹ ,å­¦é—®","å›¾ä¹¦é¦†å­¦ä¹ ,å®¶åº­å­¦ä¹ ","åŠªåŠ›å­¦ä¹ ,ä¸“æ³¨å­¦ä¹ ",å‹‰å¼·ã—ã¦ãã¾ã™,benkyou shite kimasu,å‹‰å¼·ã—ã«è¡ŒãæŒ¨æ‹¶,å‹•è©,"å­¦ã¶,å¾©ç¿’ã™ã‚‹","éŠã¶,ä¼‘ã‚€","å‹‰å¼·,å­¦ç¿’","å›³æ›¸é¤¨å‹‰å¼·,è‡ªå®…å‹‰å¼·","ä¸€ç”Ÿæ‡¸å‘½å‹‰å¼·,é›†ä¸­å‹‰å¼·",voy a estudiar,boy-a-es-tu-di-ar,ir a estudiar,verbo,"aprender,repasar","jugar,descansar","estudio,aprendizaje","estudio biblioteca,estudio casa","estudio duro,estudio enfocado",ì—´ì‹¬íˆ ê³µë¶€í•˜ê³  ì˜¬ê²Œìš”,I'll go study hard and come back!,æˆ‘å»å¥½å¥½å­¦ä¹ ï¼,ä¸€ç”Ÿæ‡¸å‘½å‹‰å¼·ã—ã¦ãã¾ã™ï¼,Â¡Voy a estudiar duro y vuelvo!
daily_exercise_greeting,daily,routine,basic,ğŸƒ,#4CAF50,"casual,home",greeting,ìš´ë™í•˜ëŸ¬ ê°ˆê²Œìš”,un-dong-ha-reo-gal-ge-yo,ìš´ë™í•˜ëŸ¬ ê°€ëŠ” ì¸ì‚¬,ë™ì‚¬,"ì²´ìœ¡í•˜ë‹¤,ë‹¨ë ¨í•˜ë‹¤",ì‰¬ë‹¤,"ìš´ë™,ë‹¨ë ¨","ì•„ì¹¨ ìš´ë™,ì €ë… ìš´ë™","ê±´ê°•í•œ ìš´ë™,í™œê¸°ì°¬ ìš´ë™",going to exercise,/ËˆÉ¡É™ÊŠÉªÅ‹ tÉ™ ËˆeksÉ™saÉªz/,going to work out,verb,"work out,train","rest,relax","exercise,training","morning exercise,evening workout","healthy exercise,energetic workout",å»è¿åŠ¨,qu yun dong,å»è¿åŠ¨çš„é—®å€™è¯­,åŠ¨è¯,"é”»ç‚¼,å¥èº«","ä¼‘æ¯,æ”¾æ¾","è¿åŠ¨,é”»ç‚¼","æ™¨ç»ƒ,æ™šç»ƒ","å¥åº·è¿åŠ¨,å……æ»¡æ´»åŠ›çš„è¿åŠ¨",é‹å‹•ã—ã¦ãã¾ã™,undou shite kimasu,é‹å‹•ã—ã«è¡ŒãæŒ¨æ‹¶,å‹•è©,"ãƒˆãƒ¬ãƒ¼ãƒ‹ãƒ³ã‚°,é›ãˆã‚‹","ä¼‘ã‚€,ãƒªãƒ©ãƒƒã‚¯ã‚¹","é‹å‹•,ãƒˆãƒ¬ãƒ¼ãƒ‹ãƒ³ã‚°","æœã®é‹å‹•,å¤œã®é‹å‹•","å¥åº·çš„ãªé‹å‹•,å…ƒæ°—ãªé‹å‹•",voy a hacer ejercicio,boy-a-a-ser-e-her-si-si-o,ir a ejercitarse,verbo,"entrenar,ejercitarse","descansar,relajarse","ejercicio,entrenamiento","ejercicio maÃ±ana,ejercicio noche","ejercicio saludable,ejercicio enÃ©rgico",ê±´ê°•í•œ ìš´ë™í•˜ê³  ì˜¬ê²Œìš”,I'll go exercise and come back!,æˆ‘å»é”»ç‚¼èº«ä½“ï¼,é‹å‹•ã—ã¦ãã¾ã™ï¼,Â¡Voy a hacer ejercicio y vuelvo!
daily_shopping_greeting,daily,routine,basic,ğŸ›ï¸,#4CAF50,"casual,home",greeting,ì¥ë³´ëŸ¬ ê°ˆê²Œìš”,jang-bo-reo-gal-ge-yo,ë¬¼í’ˆì„ êµ¬ë§¤í•˜ëŸ¬ ê°€ëŠ” ì¸ì‚¬,ë™ì‚¬,"ì‡¼í•‘í•˜ë‹¤,êµ¬ë§¤í•˜ë‹¤",íŒ”ë‹¤,"ì‡¼í•‘,êµ¬ë§¤","ì‹ë£Œí’ˆ ì‡¼í•‘,ì˜· ì‡¼í•‘","ì¦ê±°ìš´ ì‡¼í•‘,íš¨ìœ¨ì ì¸ ì‡¼í•‘",going shopping,/ËˆÉ¡É™ÊŠÉªÅ‹ ËˆÊƒÉ’pÉªÅ‹/,going to buy things,verb,"shop,purchase","sell,vend","shopping,buying","grocery shopping,clothes shopping","enjoyable shopping,efficient shopping",å»è´­ç‰©,qu gou wu,å»è´­ç‰©çš„é—®å€™è¯­,åŠ¨è¯,"ä¹°ä¸œè¥¿,é‡‡è´­","å–,å”®å–","è´­ç‰©,é‡‡è´­","é£Ÿå“é‡‡è´­,æœè£…è´­ç‰©","æ„‰å¿«è´­ç‰©,é«˜æ•ˆè´­ç‰©",è²·ã„ç‰©ã«è¡Œã£ã¦ãã¾ã™,kaimono ni itte kimasu,è²·ã„ç‰©ã«è¡ŒãæŒ¨æ‹¶,å‹•è©,"ã‚·ãƒ§ãƒƒãƒ”ãƒ³ã‚°,è³¼å…¥ã™ã‚‹","å£²ã‚‹,è²©å£²ã™ã‚‹","è²·ã„ç‰©,è³¼å…¥","é£Ÿæ–™å“è²·ã„ç‰©,æ´‹æœè²·ã„ç‰©","æ¥½ã—ã„è²·ã„ç‰©,åŠ¹ç‡çš„ãªè²·ã„ç‰©",voy de compras,boy-de-kom-pras,ir a comprar,verbo,"comprar,adquirir","vender,comerciar","compras,adquisiciÃ³n","compras comida,compras ropa","compras agradables,compras eficientes",í•„ìš”í•œ ê²ƒë§Œ ì‚¬ê³  ì˜¬ê²Œìš”,I'll go buy what we need and come back!,æˆ‘å»ä¹°äº›å¿…éœ€å“ï¼,å¿…è¦ãªã‚‚ã®ã‚’è²·ã£ã¦ãã¾ã™ï¼,Â¡Voy a comprar lo necesario y vuelvo!
daily_clean_greeting,daily,routine,basic,ğŸ§¹,#4CAF50,"casual,home",greeting,ì²­ì†Œí•˜ëŸ¬ ê°ˆê²Œìš”,cheong-so-ha-reo-gal-ge-yo,ì²­ì†Œí•˜ëŸ¬ ê°€ëŠ” ì¸ì‚¬,ë™ì‚¬,"ì •ë¦¬í•˜ë‹¤,ì¹˜ìš°ë‹¤",ë”ëŸ½íˆë‹¤,"ì²­ì†Œ,ì •ë¦¬","ì§‘ì•ˆ ì²­ì†Œ,ë°© ì²­ì†Œ","ê¹¨ë—í•œ ì²­ì†Œ,ê¼¼ê¼¼í•œ ì²­ì†Œ",going to clean,/ËˆÉ¡É™ÊŠÉªÅ‹ tÉ™ kliËn/,going to tidy up,verb,"tidy,organize","mess up,dirty","cleaning,organizing","house cleaning,room cleaning","thorough cleaning,careful organizing",å»æ‰“æ‰«,qu da sao,å»æ‰“æ‰«çš„é—®å€™è¯­,åŠ¨è¯,"æ•´ç†,æ”¶æ‹¾","å¼„è„,å¼„ä¹±","æ‰“æ‰«,æ•´ç†","å®¶åŠ¡æ¸…æ´,æˆ¿é—´æ‰“æ‰«","å½»åº•æ¸…æ´,ç»†å¿ƒæ•´ç†",æƒé™¤ã—ã¦ãã¾ã™,souji shite kimasu,æƒé™¤ã—ã«è¡ŒãæŒ¨æ‹¶,å‹•è©,"ç‰‡ä»˜ã‘ã‚‹,æ•´ç†ã™ã‚‹","æ±šã™,æ•£ã‚‰ã‹ã™","æƒé™¤,æ•´ç†","å®¶ã®æƒé™¤,éƒ¨å±‹ã®æƒé™¤","ãã‚Œã„ãªæƒé™¤,ä¸å¯§ãªæ•´ç†",voy a limpiar,boy-a-lim-pi-ar,ir a limpiar,verbo,"ordenar,organizar","ensuciar,desordenar","limpieza,organizaciÃ³n","limpieza casa,limpieza cuarto","limpieza profunda,organizaciÃ³n cuidadosa",ê¹¨ë—ì´ ì²­ì†Œí•˜ê³  ì˜¬ê²Œìš”,I'll clean thoroughly and come back!,æˆ‘å»å¥½å¥½æ‰“æ‰«ï¼,ãã‚Œã„ã«æƒé™¤ã—ã¦ãã¾ã™ï¼,Â¡Voy a limpiar bien y vuelvo!
